tournament, date, aName, bName, aSets, bSets, aS1, aS2, aS3, aS4, aS5, bS1, bS2, bS3, bS4, bS5
Bangkok Challenger ,2018-01-01 ,Marcel Granollers ,Vorachon Rakpuangchon ,2 ,0 ,6 ,6 , , , ,2 ,1 , , ,
Bangkok Challenger ,2018-01-01 ,Flavio Cipolla ,Frederik Nielsen ,2 ,1 ,2 ,7 ,6 , , ,6 ,5 ,4 , ,
Bangkok Challenger ,2018-01-01 ,Jason Jung ,Jurgen Zopp ,2 ,0 ,6 ,6 , , , ,1 ,2 , , ,
Bangkok Challenger ,2018-01-01 ,Blaz Rola ,Tatsuma Ito ,2 ,0 ,7 ,7 , , , ,6 ,6 , , ,
Bangkok Challenger ,2018-01-01 ,Mats Moraing ,Marsel Ilhan ,2 ,1 ,6 ,4 ,6 , , ,0 ,6 ,4 , ,
Bangkok Challenger ,2018-01-01 ,Evgeny Karlovskiy ,Cem Ilkel ,2 ,1 ,3 ,7 ,6 , , ,6 ,6 ,3 , ,
Bangkok Challenger ,2018-01-01 ,Duckhee Lee ,Tsung-Hua Yang ,2 ,0 ,7 ,6 , , , ,5 ,4 , , ,
Bangkok Challenger ,2018-01-01 ,Dominik Koepfer ,Bernabe Zapata Miralles ,2 ,0 ,7 ,6 , , , ,6 ,3 , , ,
Brisbane International - Brisbane ,2018-01-01 ,Mischa Zverev ,John-Patrick Smith ,2 ,0 ,6 ,7 , , , ,4 ,5 , , ,
Brisbane International - Brisbane ,2018-01-01 ,Horacio Zeballos ,Ernesto Escobedo ,2 ,0 ,6 ,6 , , , ,3 ,4 , , ,
Brisbane International - Brisbane ,2018-01-01 ,Matthew Ebden ,Frances Tiafoe ,2 ,0 ,6 ,6 , , , ,3 ,2 , , ,
Brisbane International - Brisbane ,2018-01-01 ,Ryan Harrison ,Leonardo Mayer ,2 ,1 ,6 ,3 ,6 , , ,4 ,6 ,2 , ,
Brisbane International - Brisbane ,2018-01-01 ,Jared Donaldson ,Jordan Thompson ,2 ,0 ,6 ,6 , , , ,2 ,4 , , ,
Hong Kong F6 (Hong Kong) ,2018-01-01 ,Takashi Saito ,Ming Chun Alan Sou ,2 ,0 ,6 ,6 , , , ,2 ,1 , , ,
Hong Kong F6 (Hong Kong) ,2018-01-01 ,Nam Hoang Ly ,Rio Noguchi ,2 ,1 ,4 ,6 ,6 , , ,6 ,2 ,2 , ,
Hong Kong F6 (Hong Kong) ,2018-01-01 ,Jumpei Yamasaki ,Marshall Tutu ,2 ,0 ,6 ,7 , , , ,2 ,5 , , ,
Hong Kong F6 (Hong Kong) ,2018-01-01 ,Fabien Reboul ,Shoma Kato ,2 ,0 ,6 ,6 , , , ,1 ,2 , , ,
Hong Kong F6 (Hong Kong) ,2018-01-01 ,Emil Ruusuvuori ,Soichiro Moritani ,2 ,0 ,6 ,6 , , , ,0 ,4 , , ,
Hong Kong F6 (Hong Kong) ,2018-01-01 ,Masaya Kobayashi ,Chien-Hsun Lo ,1 ,0 ,6 ,5 , , , ,3 ,2 , , ,
Hopman Cup - Perth ,2018-01-01 ,David Goffin ,Alexander Zverev ,2 ,0 ,6 ,6 , , , ,3 ,3 , , ,
Maharashtra Open - Pune ,2018-01-01 ,Gilles Simon ,Tennys Sandgren ,2 ,0 ,6 ,6 , , , ,4 ,1 , , ,
Maharashtra Open - Pune ,2018-01-01 ,Mikhail Kukushkin ,Radu Albot ,2 ,0 ,6 ,7 , , , ,2 ,6 , , ,
Maharashtra Open - Pune ,2018-01-01 ,Marton Fucsovics ,Nicolas Kicker ,2 ,0 ,6 ,6 , , , ,0 ,3 , , ,
Maharashtra Open - Pune ,2018-01-01 ,Ricardo Ojeda Lara ,Jiri Vesely ,2 ,0 ,6 ,7 , , , ,3 ,6 , , ,
Maharashtra Open - Pune ,2018-01-01 ,Pierre-Hugues Herbert ,Marco Cecchinato ,2 ,1 ,7 ,6 ,6 , , ,6 ,7 ,2 , ,
Maharashtra Open - Pune ,2018-01-01 ,Ramkumar Ramanathan ,Roberto Carballes Baena ,2 ,0 ,7 ,6 , , , ,6 ,2 , , ,
Maharashtra Open - Pune ,2018-01-01 ,Nicolas Jarry ,Pablo Andujar ,2 ,1 ,6 ,6 ,7 , , ,7 ,4 ,5 , ,
Noumea Challenger ,2018-01-01 ,Vincent Millot ,Loic Perret ,2 ,0 ,6 ,6 , , , ,1 ,1 , , ,
Noumea Challenger ,2018-01-01 ,Tim Puetz ,Mathias Bourgue ,2 ,1 ,6 ,1 ,6 , , ,4 ,6 ,4 , ,
Noumea Challenger ,2018-01-01 ,Gleb Sakharov ,Federico Gaio ,2 ,1 ,6 ,6 ,6 , , ,4 ,7 ,4 , ,
Noumea Challenger ,2018-01-01 ,Noah Rubin ,Maxime Janvier ,2 ,0 ,6 ,6 , , , ,2 ,4 , , ,
Noumea Challenger ,2018-01-01 ,Taylor Harry Fritz ,Dennis Novak ,2 ,0 ,6 ,6 , , , ,3 ,4 , , ,
Noumea Challenger ,2018-01-01 ,Liam Caruana ,Mitchell Krueger ,2 ,0 ,6 ,6 , , , ,3 ,4 , , ,
Noumea Challenger ,2018-01-01 ,Corentin Moutet ,Stefan Kozlov ,2 ,1 ,7 ,3 ,6 , , ,6 ,6 ,2 , ,
Playford Challenger ,2018-01-01 ,Marinko Matosevic ,Christopher O'Connell ,2 ,0 ,6 ,6 , , , ,4 ,0 , , ,
Playford Challenger ,2018-01-01 ,Maverick Banes ,Sebastian Korda ,2 ,0 ,6 ,6 , , , ,3 ,4 , , ,
Playford Challenger ,2018-01-01 ,Jason Murray Kubler ,Dayne Kelly ,2 ,0 ,7 ,6 , , , ,6 ,4 , , ,
Playford Challenger ,2018-01-01 ,Hugo Grenier ,Andrew Harris ,2 ,0 ,6 ,6 , , , ,1 ,4 , , ,
Qatar ExxonMobil Open - Doha ,2018-01-01 ,Fernando Verdasco ,Dudi Sela ,2 ,1 ,4 ,6 ,6 , , ,6 ,4 ,0 , ,
Qatar ExxonMobil Open - Doha ,2018-01-01 ,Nikoloz Basilashvili ,Thomas Fabbiano ,2 ,0 ,6 ,6 , , , ,4 ,3 , , ,
Qatar ExxonMobil Open - Doha ,2018-01-01 ,Dominic Thiem ,Evgeny Donskoy ,2 ,0 ,7 ,6 , , , ,6 ,3 , , ,
Qatar ExxonMobil Open - Doha ,2018-01-01 ,Andrey Rublev ,Cedrik-Marcel Stebe ,1 ,0 ,6 , , , , ,1 , , , ,
Qatar ExxonMobil Open - Doha ,2018-01-01 ,Stefanos Tsitsipas ,Florian Mayer ,2 ,1 ,4 ,7 ,6 , , ,6 ,5 ,4 , ,
USA F1 (Los Angeles) ,2018-01-01 ,Karue Sell ,Alec Adamson ,2 ,0 ,6 ,6 , , , ,1 ,1 , , ,
USA F1 (Los Angeles) ,2018-01-01 ,Filip Bergevi ,Zac Brodney ,2 ,0 ,6 ,6 , , , ,2 ,2 , , ,
USA F1 (Los Angeles) ,2018-01-01 ,Gage Brymer ,Or Ram-Harel ,2 ,0 ,6 ,6 , , , ,2 ,3 , , ,
USA F1 (Los Angeles) ,2018-01-01 ,Martin Redlicki ,Kento Perera ,2 ,0 ,6 ,6 , , , ,0 ,1 , , ,
USA F1 (Los Angeles) ,2018-01-01 ,Collin Altamirano ,Alessandro-Damiano Ventre ,2 ,1 ,5 ,7 ,7 , , ,7 ,6 ,5 , ,
USA F1 (Los Angeles) ,2018-01-01 ,Florian Lakat ,Matheus Ferreira Leite ,2 ,0 ,6 ,6 , , , ,1 ,1 , , ,
USA F1 (Los Angeles) ,2018-01-01 ,Daniel Cukierman ,Jake Douglas ,2 ,0 ,6 ,6 , , , ,2 ,2 , , ,
USA F1 (Los Angeles) ,2018-01-01 ,Nathan Ponwith ,Brandon Lam ,2 ,0 ,6 ,7 , , , ,2 ,6 , , ,
USA F1 (Los Angeles) ,2018-01-01 ,Logan Smith ,Reese Stalder ,2 ,0 ,6 ,6 , , , ,1 ,2 , , ,
USA F1 (Los Angeles) ,2018-01-01 ,Isaiah Strode ,Bjorn Hoffmann ,1 ,0 ,6 ,4 , , , ,4 ,2 , , ,
USA F1 (Los Angeles) ,2018-01-01 ,Gianni Ross ,Jake Devine ,2 ,0 ,6 ,6 , , , ,4 ,4 , , ,
USA F1 (Los Angeles) ,2018-01-01 ,Patrick Kypson ,Tristan Boyer ,2 ,0 ,6 ,6 , , , ,3 ,1 , , ,
USA F1 (Los Angeles) ,2018-01-01 ,Sam Riffice ,Sathi Reddy Chirala ,1 ,0 ,6 ,3 , , , ,0 ,0 , , ,
USA F1 (Los Angeles) ,2018-01-01 ,Govind Nanda ,Beibit Zhukayev ,2 ,0 ,6 ,7 , , , ,2 ,5 , , ,
USA F1 (Los Angeles) ,2018-01-01 ,Keegan Smith ,Eduardo Nava ,2 ,0 ,6 ,7 , , , ,3 ,6 , , ,
USA F1 (Los Angeles) ,2018-01-01 ,Alexander Lebedev ,Mousheg Hovhannisyan ,1 ,0 ,2 ,6 ,4 , , ,6 ,0 ,1 , ,
Bangkok Challenger ,2018-01-01 ,Zdenek Kolar/Goncalo Oliveira ,Toshihide Matsui/Chu-Huan Yi ,2 ,0 ,7 ,7 , , , ,5 ,6 , , ,
Brisbane International - Brisbane ,2018-01-01 ,Wesley Koolhof/Artem Sitak ,Treat Conrad Huey/Fabrice Martin ,2 ,0 ,6 ,6 , , , ,3 ,2 , , ,
Brisbane International - Brisbane ,2018-01-01 ,Matthew Ebden/John Millman ,Ilija Bozoljac/Damir Dzumhur ,2 ,0 ,6 ,6 , , , ,1 ,2 , , ,
Brisbane International - Brisbane ,2018-01-01 ,Steve Johnson/Gilles Muller ,Santiago Gonzalez/Julio Peralta ,2 ,1 ,7 ,4 ,1 , , ,6 ,6 ,9 , ,
Maharashtra Open - Pune ,2018-01-01 ,Robin Haase/Matwe Middelkoop ,Arjun Kadhe/Benoit Paire ,2 ,1 ,1 ,7 ,1 , , ,6 ,5 ,7 , ,
Maharashtra Open - Pune ,2018-01-01 ,Adil Shamasdin/Neal Skupski ,N.sriram Balaji/Vishnu Vardhan ,2 ,1 ,3 ,7 ,1 , , ,6 ,6 ,6 , ,
Noumea Challenger ,2018-01-01 ,Salvatore Caruso/Federico Gaio ,Loic Perret/Stephane Robert ,2 ,1 ,7 ,4 ,1 , , ,5 ,6 ,7 , ,
Noumea Challenger ,2018-01-01 ,Cameron Norrie/Jose Statham ,Kenny De Schepper/Noah Rubin ,2 ,1 ,2 ,6 ,1 , , ,6 ,3 ,5 , ,
Noumea Challenger ,2018-01-01 ,Elliot Benchetrit/Geoffrey Blancaneaux ,Julien Delaplane/Nicolas N'Godrela ,2 ,0 ,6 ,6 , , , ,2 ,2 , , ,
Noumea Challenger ,2018-01-01 ,Alejandro Gonzalez/Jaume Antoni Munar Clar ,Mitchell Krueger/Dennis Novikov ,2 ,1 ,6 ,6 ,1 , , ,2 ,7 ,6 , ,
Playford Challenger ,2018-01-01 ,Omar Jasika/Christopher O'Connell ,Norbert Gombos/Uladzimir Ignatik ,2 ,0 ,7 ,7 , , , ,6 ,6 , , ,
Playford Challenger ,2018-01-01 ,Marc Polmans/Andrew Whittington ,Andrew Harris/Dayne Kelly ,2 ,0 ,6 ,6 , , , ,2 ,0 , , ,
Playford Challenger ,2018-01-01 ,Maverick Banes/Jason Murray Kubler ,Darian King/Evan King ,2 ,1 ,6 ,0 ,1 , , ,2 ,6 ,1 , ,
Playford Challenger ,2018-01-01 ,Max Purcell/Luke Saville ,Kamil Majchrzak/Lorenzo Sonego ,2 ,1 ,6 ,3 ,1 , , ,2 ,6 ,8 , ,
Playford Challenger ,2018-01-01 ,Mackenzie McDonald/Tommy Paul ,Yoshihito Nishioka/Yasutaka Uchiyama ,2 ,0 ,6 ,7 , , , ,3 ,5 , , ,
Playford Challenger ,2018-01-01 ,Richard Berankis/Sergiy Stakhovsky ,Steven De Waard/Brydan Klein ,2 ,0 ,6 ,7 , , , ,2 ,6 , , ,
Playford Challenger ,2018-01-01 ,Bjorn Fratangelo/Brayden Schnur ,Guido Andreozzi/Arthur De Greef ,2 ,1 ,6 ,3 ,1 , , ,3 ,6 ,9 , ,
Playford Challenger ,2018-01-01 ,Tobias Kamke/Oscar Otte ,Alex Bolt/Bradley Mousley ,2 ,0 ,6 ,6 , , , ,4 ,4 , , ,
Qatar ExxonMobil Open - Doha ,2018-01-01 ,Pablo Carreno-Busta/Guillermo Garcia-Lopez ,Paolo Lorenzi/Albert Ramos-Vinolas ,2 ,0 ,6 ,7 , , , ,2 ,6 , , ,
Qatar ExxonMobil Open - Doha ,2018-01-01 ,Jamie Murray/Bruno Soares ,Marcin Matkowski/Aisam Qureshi ,2 ,1 ,3 ,7 ,1 , , ,6 ,6 ,5 , ,
Qatar ExxonMobil Open - Doha ,2018-01-01 ,Borna Coric/Jan-Lennard Struff ,Filip Krajinovic/Viktor Troicki ,2 ,0 ,7 ,6 , , , ,6 ,4 , , ,
Qatar ExxonMobil Open - Doha ,2018-01-01 ,Feliciano Lopez/Rajeev Ram ,Malek Jaziri/Mousa Zayed ,2 ,0 ,7 ,6 , , , ,5 ,2 , , ,
Bangkok Challenger ,2018-01-02 ,Andrea Arnaboldi ,Marco Trungelliti ,2 ,0 ,7 ,6 , , , ,6 ,4 , , ,
Bangkok Challenger ,2018-01-02 ,Flavio Cipolla ,Danilo Petrovic ,2 ,1 ,3 ,6 ,6 , , ,6 ,3 ,3 , ,
Bangkok Challenger ,2018-01-02 ,Aleksandr Nedovesov ,Yusuke Takahashi ,2 ,0 ,6 ,6 , , , ,4 ,4 , , ,
Bangkok Challenger ,2018-01-02 ,Mohamed Safwat ,Dominik Koepfer ,2 ,1 ,7 ,0 ,7 , , ,5 ,6 ,6 , ,
Bangkok Challenger ,2018-01-02 ,Yannick Maden ,Dmitry Popko ,2 ,0 ,6 ,6 , , , ,4 ,4 , , ,
Bangkok Challenger ,2018-01-02 ,Ze Zhang ,Wishaya Trongcharoenchaikul ,2 ,0 ,6 ,6 , , , ,3 ,4 , , ,
Bangkok Challenger ,2018-01-02 ,Di Wu ,Zhe Li ,2 ,0 ,6 ,6 , , , ,3 ,2 , , ,
Bangkok Challenger ,2018-01-02 ,Mats Moraing ,Go Soeda ,2 ,0 ,6 ,6 , , , ,1 ,1 , , ,
Bangkok Challenger ,2018-01-02 ,Evgeny Karlovskiy ,Patcharapol Kawin ,2 ,0 ,6 ,6 , , , ,1 ,1 , , ,
Bangkok Challenger ,2018-01-02 ,Goncalo Oliveira ,Luca Vanni ,2 ,1 ,4 ,6 ,6 , , ,6 ,2 ,1 , ,
Bangkok Challenger ,2018-01-02 ,Zdenek Kolar ,Pruchya Isarow ,2 ,1 ,6 ,2 ,6 , , ,1 ,6 ,1 , ,
Bangkok Challenger ,2018-01-02 ,Miomir Kecmanovic ,Nikola Milojevic ,1 ,0 ,6 , , , , ,3 , , , ,
Brisbane International - Brisbane ,2018-01-02 ,Denis Istomin ,Damir Dzumhur ,2 ,1 ,6 ,6 ,6 , , ,7 ,3 ,2 , ,
Brisbane International - Brisbane ,2018-01-02 ,John Millman ,Peter Polansky ,2 ,0 ,7 ,6 , , , ,6 ,0 , , ,
Brisbane International - Brisbane ,2018-01-02 ,Kyle Edmund ,Denis Shapovalov ,2 ,1 ,6 ,7 ,6 , , ,7 ,6 ,4 , ,
Brisbane International - Brisbane ,2018-01-02 ,Hyeon Chung ,Gilles Muller ,2 ,0 ,6 ,7 , , , ,3 ,6 , , ,
Brisbane International - Brisbane ,2018-01-02 ,Michael Mmoh ,Federico Delbonis ,2 ,0 ,6 ,6 , , , ,3 ,4 , , ,
Hong Kong F6 (Hong Kong) ,2018-01-02 ,Matteo Viola ,Chun Hun Wong ,2 ,0 ,6 ,6 , , , ,2 ,1 , , ,
Hong Kong F6 (Hong Kong) ,2018-01-02 ,Harri Heliovaara ,Francesco Bessire ,2 ,1 ,2 ,6 ,6 , , ,6 ,1 ,2 , ,
Hong Kong F6 (Hong Kong) ,2018-01-02 ,Takuto Niki ,Skyler Butts ,2 ,0 ,6 ,6 , , , ,1 ,0 , , ,
Hong Kong F6 (Hong Kong) ,2018-01-02 ,Michael Zhu ,Sora Fukuda ,2 ,0 ,6 ,7 , , , ,1 ,5 , , ,
Hong Kong F6 (Hong Kong) ,2018-01-02 ,Shintaro Imai ,Ki Lung Ng ,2 ,0 ,6 ,6 , , , ,2 ,2 , , ,
Hong Kong F6 (Hong Kong) ,2018-01-02 ,Chan-Yeong Oh ,Anthony Jackie Tang ,2 ,0 ,7 ,6 , , , ,5 ,4 , , ,
Hong Kong F6 (Hong Kong) ,2018-01-02 ,Alberto Lim ,Ching Lam ,2 ,0 ,6 ,6 , , , ,3 ,2 , , ,
Hong Kong F6 (Hong Kong) ,2018-01-02 ,Jack Murray ,Yunosuke Tanaka ,2 ,0 ,6 ,6 , , , ,3 ,3 , , ,
Hong Kong F6 (Hong Kong) ,2018-01-02 ,Kenneth Raisma ,Hong Kit Wong ,2 ,0 ,6 ,6 , , , ,3 ,3 , , ,
Hong Kong F6 (Hong Kong) ,2018-01-02 ,Lingxi Zhao ,Pak Long Yeung ,2 ,1 ,6 ,7 ,6 , , ,7 ,5 ,3 , ,
Hopman Cup - Perth ,2018-01-02 ,Roger Federer ,Karen Khachanov ,2 ,0 ,6 ,7 , , , ,3 ,6 , , ,
Hopman Cup - Perth ,2018-01-02 ,Yuichi Sugita ,Jack Sock ,1 ,0 ,7 ,1 ,1 , , ,6 , ,1 , ,
Maharashtra Open - Pune ,2018-01-02 ,Robin Haase ,Blaz Kavcic ,2 ,0 ,7 ,7 , , , ,6 ,5 , , ,
Maharashtra Open - Pune ,2018-01-02 ,Yuki Bhambri ,Arjun Kadhe ,2 ,0 ,6 ,6 , , , ,3 ,4 , , ,
Maharashtra Open - Pune ,2018-01-02 ,Thiago Moura Monteiro ,Ruben Bemelmans ,2 ,1 ,6 ,6 ,7 , , ,7 ,3 ,6 , ,
Maharashtra Open - Pune ,2018-01-02 ,Laslo Djere ,Marius Copil ,2 ,1 ,5 ,6 ,7 , , ,7 ,4 ,5 , ,
Maharashtra Open - Pune ,2018-01-02 ,Ilya Ivashka ,Sumit Nagal ,2 ,0 ,6 ,6 , , , ,3 ,3 , , ,
Noumea Challenger ,2018-01-02 ,Stephane Robert ,Christian Harrison ,2 ,1 ,6 ,6 ,6 , , ,2 ,7 ,1 , ,
Noumea Challenger ,2018-01-02 ,Alejandro Gonzalez ,Dennis Novikov ,2 ,1 ,6 ,6 ,6 , , ,7 ,3 ,4 , ,
Noumea Challenger ,2018-01-02 ,Kenny de Schepper ,Jaume Antoni Munar Clar ,2 ,1 ,6 ,2 ,6 , , ,1 ,6 ,4 , ,
Noumea Challenger ,2018-01-02 ,Kevin King ,Jose Statham ,2 ,0 ,6 ,6 , , , ,4 ,3 , , ,
Noumea Challenger ,2018-01-02 ,Hubert Hurkacz ,Bradley Klahn ,2 ,1 ,6 ,3 ,7 , , ,2 ,6 ,6 , ,
Noumea Challenger ,2018-01-02 ,Cameron Norrie ,Stefano Napolitano ,2 ,1 ,7 ,4 ,7 , , ,5 ,6 ,6 , ,
Noumea Challenger ,2018-01-02 ,Casper Ruud ,Salvatore Caruso ,2 ,0 ,6 ,7 , , , ,4 ,5 , , ,
Noumea Challenger ,2018-01-02 ,Geoffrey Blancaneaux ,Julien Delaplane ,2 ,0 ,6 ,6 , , , ,4 ,3 , , ,
Noumea Challenger ,2018-01-02 ,Zsombor Piros ,Julien Benneteau ,2 ,1 ,3 ,7 ,6 , , ,6 ,5 ,1 , ,
Playford Challenger ,2018-01-02 ,Tobias Kamke ,Guido Andreozzi ,2 ,0 ,6 ,6 , , , ,4 ,4 , , ,
Playford Challenger ,2018-01-02 ,Marinko Matosevic ,Daniil Medvedev ,2 ,1 ,5 ,6 ,6 , , ,7 ,4 ,4 , ,
Playford Challenger ,2018-01-02 ,Uladzimir Ignatik ,Mackenzie Mcdonald ,2 ,0 ,6 ,6 , , , ,4 ,4 , , ,
Playford Challenger ,2018-01-02 ,Evan King ,Alexei Popyrin ,2 ,0 ,6 ,6 , , , ,4 ,1 , , ,
Playford Challenger ,2018-01-02 ,Maverick Banes ,Henri Laaksonen ,2 ,0 ,6 ,6 , , , ,3 ,3 , , ,
Playford Challenger ,2018-01-02 ,Jason Murray Kubler ,Andrew Whittington ,2 ,0 ,7 ,6 , , , ,6 ,3 , , ,
Playford Challenger ,2018-01-02 ,Norbert Gombos ,Lorenzo Sonego ,2 ,1 ,6 ,4 ,7 , , ,4 ,6 ,6 , ,
Playford Challenger ,2018-01-02 ,Alex Bolt ,Arthur De Greef ,2 ,0 ,6 ,6 , , , ,3 ,4 , , ,
Playford Challenger ,2018-01-02 ,Oscar Otte ,Darian King ,2 ,0 ,6 ,6 , , , ,4 ,4 , , ,
Playford Challenger ,2018-01-02 ,Brayden Schnur ,Yoshihito Nishioka ,2 ,0 ,6 ,6 , , , ,4 ,3 , , ,
Playford Challenger ,2018-01-02 ,Marc Polmans ,Bjorn Fratangelo ,2 ,1 ,6 ,5 ,6 , , ,3 ,7 ,4 , ,
Playford Challenger ,2018-01-02 ,Omar Jasika ,Max Purcell ,2 ,1 ,6 ,6 ,6 , , ,4 ,7 ,2 , ,
Playford Challenger ,2018-01-02 ,Reilly Opelka ,Richard Berankis ,2 ,1 ,6 ,7 ,7 , , ,7 ,6 ,5 , ,
Playford Challenger ,2018-01-02 ,Kamil Majchrzak ,Pedja Krstin ,2 ,1 ,4 ,7 ,7 , , ,6 ,6 ,5 , ,
Playford Challenger ,2018-01-02 ,Hugo Grenier ,Yasutaka Uchiyama ,2 ,1 ,6 ,3 ,6 , , ,4 ,6 ,3 , ,
Playford Challenger ,2018-01-02 ,Tommy Paul ,Sergiy Stakhovsky ,2 ,1 ,3 ,7 ,7 , , ,6 ,5 ,5 , ,
Qatar ExxonMobil Open - Doha ,2018-01-02 ,Feliciano Lopez ,Guillermo Garcia-Lopez ,2 ,1 ,6 ,5 ,7 , , ,4 ,7 ,6 , ,
Qatar ExxonMobil Open - Doha ,2018-01-02 ,Richard Gasquet ,Victor Estrella ,2 ,0 ,6 ,6 , , , ,0 ,2 , , ,
Qatar ExxonMobil Open - Doha ,2018-01-02 ,Gael Monfils ,Paolo Lorenzi ,2 ,1 ,6 ,3 ,6 , , ,3 ,6 ,4 , ,
Qatar ExxonMobil Open - Doha ,2018-01-02 ,Guido Pella ,Albert Ramos-Vinolas ,2 ,1 ,2 ,7 ,7 , , ,6 ,5 ,5 , ,
Qatar ExxonMobil Open - Doha ,2018-01-02 ,Peter Gojowczyk ,Filip Krajinovic ,2 ,0 ,6 ,6 , , , ,4 ,1 , , ,
Qatar ExxonMobil Open - Doha ,2018-01-02 ,Mirza Basic ,Andreas Haider-Maurer ,2 ,0 ,6 ,6 , , , ,4 ,3 , , ,
Qatar ExxonMobil Open - Doha ,2018-01-02 ,Aljaz Bedene ,Malek Jaziri ,2 ,0 ,7 ,6 , , , ,5 ,1 , , ,
Qatar ExxonMobil Open - Doha ,2018-01-02 ,Stefano Travaglia ,Jabor Mohammed Ali Mutawa ,2 ,0 ,6 ,6 , , , ,1 ,2 , , ,
Qatar ExxonMobil Open - Doha ,2018-01-02 ,Jan-Lennard Struff ,Tomas Berdych ,2 ,1 ,6 ,1 ,7 , , ,4 ,6 ,6 , ,
Qatar ExxonMobil Open - Doha ,2018-01-02 ,Borna Coric ,Pablo Carreno-Busta ,2 ,1 ,5 ,6 ,7 , , ,7 ,2 ,6 , ,
Qatar ExxonMobil Open - Doha ,2018-01-02 ,Matteo Berrettini ,Viktor Troicki ,2 ,1 ,4 ,7 ,6 , , ,6 ,6 ,4 , ,
USA F1 (Los Angeles) ,2018-01-02 ,Karue Sell ,Keegan Smith ,2 ,0 ,6 ,7 , , , ,4 ,6 , , ,
USA F1 (Los Angeles) ,2018-01-02 ,Gage Brymer ,Nathan Ponwith ,2 ,0 ,6 ,6 , , , ,4 ,4 , , ,
USA F1 (Los Angeles) ,2018-01-02 ,Martin Redlicki ,Isaiah Strode ,2 ,1 ,6 ,6 ,6 , , ,7 ,3 ,4 , ,
USA F1 (Los Angeles) ,2018-01-02 ,Florian Lakat ,Gianni Ross ,2 ,0 ,6 ,6 , , , ,4 ,4 , , ,
USA F1 (Los Angeles) ,2018-01-02 ,Daniel Cukierman ,Collin Altamirano ,2 ,1 ,6 ,2 ,6 , , ,4 ,6 ,3 , ,
USA F1 (Los Angeles) ,2018-01-02 ,Patrick Kypson ,Govind Nanda ,2 ,1 ,6 ,3 ,7 , , ,2 ,6 ,5 , ,
USA F1 (Los Angeles) ,2018-01-02 ,Sam Riffice ,Filip Bergevi ,2 ,0 ,7 ,7 , , , ,5 ,5 , , ,
USA F1 (Los Angeles) ,2018-01-02 ,Alexander Lebedev ,Logan Smith ,2 ,0 ,6 ,6 , , , ,1 ,1 , , ,
Bangkok Challenger ,2018-01-02 ,Gerard Granollers/Marcel Granollers ,Phassawit Burapharitta/Chaleechan Tanasugarn ,2 ,0 ,6 ,6 , , , ,3 ,1 , , ,
Brisbane International - Brisbane ,2018-01-02 ,Leonardo Mayer/Horacio Zeballos ,Diego Sebastian Schwartzman/Mischa Zverev ,2 ,0 ,6 ,6 , , , ,2 ,0 , , ,
Brisbane International - Brisbane ,2018-01-02 ,Nick Kyrgios/Matt Reid ,Marcus Daniell/Dominic Inglot ,2 ,1 ,4 ,6 ,1 , , ,6 ,1 ,7 , ,
Brisbane International - Brisbane ,2018-01-02 ,Grigor Dimitrov/Ryan Harrison ,Lleyton Hewitt/Jordan Thompson ,2 ,1 ,6 ,1 ,1 , , ,3 ,6 ,5 , ,
Maharashtra Open - Pune ,2018-01-02 ,Roman Jebavy/Jiri Vesely ,Radu Albot/Tennys Sandgren ,2 ,0 ,6 ,6 , , , ,4 ,3 , , ,
Maharashtra Open - Pune ,2018-01-02 ,Rohan Bopanna/Jeevan Nedunchezhiyan ,Leander Paes/Purav Raja ,2 ,0 ,6 ,6 , , , ,3 ,2 , , ,
Maharashtra Open - Pune ,2018-01-02 ,Hans Podlipnik-Castillo/Andrei Vasilevski ,Ben Mclachlan/Andres Molteni ,2 ,1 ,6 ,6 ,1 , , ,7 ,4 ,8 , ,
Maharashtra Open - Pune ,2018-01-02 ,Robert Lindstedt/Franko Skugor ,Marton Fucsovics/Mikhail Kukushkin ,2 ,0 ,6 ,6 , , , ,4 ,1 , , ,
Maharashtra Open - Pune ,2018-01-02 ,Pierre-Hugues Herbert/Gilles Simon ,Kevin Anderson/Jonathan Erlich ,2 ,1 ,3 ,6 ,1 , , ,6 ,3 ,5 , ,
Noumea Challenger ,2018-01-02 ,Hubert Hurkacz/Michal Przysiezny ,Nathaniel Lammons/Alex Lawson ,2 ,1 ,5 ,7 ,1 , , ,7 ,6 ,4 , ,
Noumea Challenger ,2018-01-02 ,Bradley Klahn/Jack Withrow ,Maxime Janvier/Dennis Novak ,2 ,1 ,2 ,6 ,1 , , ,6 ,4 ,3 , ,
Noumea Challenger ,2018-01-02 ,Hugo Nys/Tim Puetz ,Taylor Harry Fritz/Casper Ruud ,2 ,0 ,7 ,7 , , , ,6 ,5 , , ,
Noumea Challenger ,2018-01-02 ,Vincent Millot/Gleb Sakharov ,Mathias Bourgue/Corentin Moutet ,2 ,1 ,6 ,6 ,1 , , ,1 ,7 ,5 , ,
Qatar ExxonMobil Open - Doha ,2018-01-02 ,Oliver Marach/Mate Pavic ,Daniel Nestor/Philipp Oswald ,2 ,0 ,6 ,6 , , , ,2 ,2 , , ,
Qatar ExxonMobil Open - Doha ,2018-01-02 ,Nikoloz Basilashvili/Andreas Haider-Maurer ,Nikola Mektic/Alexander Peya ,2 ,1 ,1 ,7 ,1 , , ,6 ,6 ,8 , ,
Qatar ExxonMobil Open - Doha ,2018-01-02 ,Ivan Dodig/Fernando Verdasco ,Florin Mergea/Nenad Zimonjic ,2 ,0 ,6 ,6 , , , ,1 ,4 , , ,
Qatar ExxonMobil Open - Doha ,2018-01-02 ,Tuna Altuna/Elias Ymer ,Peter Gojowczyk/Florian Mayer ,2 ,1 ,5 ,6 ,1 , , ,7 ,2 ,8 , ,
Bangkok Challenger ,2018-01-03 ,Marcel Granollers ,Flavio Cipolla ,2 ,0 ,6 ,6 , , , ,3 ,0 , , ,
Bangkok Challenger ,2018-01-03 ,Blaz Rola ,Andrea Arnaboldi ,2 ,0 ,6 ,6 , , , ,4 ,3 , , ,
Bangkok Challenger ,2018-01-03 ,Evgeny Karlovskiy ,Jason Jung ,2 ,0 ,6 ,6 , , , ,4 ,4 , , ,
Bangkok Challenger ,2018-01-03 ,Duckhee Lee ,Yannick Maden ,1 ,0 ,w , , , , , , , , ,
Brisbane International - Brisbane ,2018-01-03 ,Alexandr Dolgopolov ,Horacio Zeballos ,2 ,0 ,6 ,6 , , , ,1 ,2 , , ,
Brisbane International - Brisbane ,2018-01-03 ,Nick Kyrgios ,Matthew Ebden ,2 ,1 ,6 ,7 ,6 , , ,7 ,6 ,2 , ,
Brisbane International - Brisbane ,2018-01-03 ,Michael Mmoh ,Mischa Zverev ,2 ,1 ,6 ,5 ,6 , , ,2 ,7 ,4 , ,
Brisbane International - Brisbane ,2018-01-03 ,Alex De Minaur ,Milos Raonic ,2 ,0 ,6 ,6 , , , ,4 ,4 , , ,
Hong Kong F6 (Hong Kong) ,2018-01-03 ,Matteo Viola ,Takashi Saito ,2 ,1 ,4 ,6 ,6 , , ,6 ,2 ,4 , ,
Hong Kong F6 (Hong Kong) ,2018-01-03 ,Harri Heliovaara ,Chan-Yeong Oh ,2 ,0 ,6 ,6 , , , ,1 ,3 , , ,
Hong Kong F6 (Hong Kong) ,2018-01-03 ,Takuto Niki ,Lingxi Zhao ,2 ,0 ,6 ,6 , , , ,1 ,1 , , ,
Hong Kong F6 (Hong Kong) ,2018-01-03 ,Shintaro Imai ,Masaya Kobayashi ,2 ,0 ,6 ,6 , , , ,3 ,0 , , ,
Hong Kong F6 (Hong Kong) ,2018-01-03 ,Nam Hoang Ly ,Alberto Lim ,2 ,0 ,7 ,6 , , , ,6 ,2 , , ,
Hong Kong F6 (Hong Kong) ,2018-01-03 ,Fabien Reboul ,Jumpei Yamasaki ,2 ,0 ,7 ,6 , , , ,5 ,4 , , ,
Hong Kong F6 (Hong Kong) ,2018-01-03 ,Jack Murray ,Michael Zhu ,2 ,0 ,6 ,6 , , , ,3 ,3 , , ,
Hong Kong F6 (Hong Kong) ,2018-01-03 ,Emil Ruusuvuori ,Kenneth Raisma ,2 ,0 ,6 ,6 , , , ,4 ,2 , , ,
Hopman Cup - Perth ,2018-01-03 ,David Goffin ,Thanasi Kokkinakis ,2 ,0 ,6 ,6 , , , ,4 ,2 , , ,
Hopman Cup - Perth ,2018-01-03 ,Alexander Zverev ,Vasek Pospisil ,2 ,0 ,6 ,6 , , , ,4 ,2 , , ,
Maharashtra Open - Pune ,2018-01-03 ,Gilles Simon ,Roberto Bautista Agut ,2 ,0 ,6 ,7 , , , ,3 ,6 , , ,
Maharashtra Open - Pune ,2018-01-03 ,Robin Haase ,Nicolas Jarry ,2 ,1 ,3 ,7 ,7 , , ,6 ,6 ,5 , ,
Maharashtra Open - Pune ,2018-01-03 ,Marin Cilic ,Ramkumar Ramanathan ,2 ,0 ,6 ,6 , , , ,4 ,3 , , ,
Maharashtra Open - Pune ,2018-01-03 ,Kevin Anderson ,Thiago Moura Monteiro ,1 ,0 ,7 ,4 ,3 , , ,6 , ,2 , ,
Maharashtra Open - Pune ,2018-01-03 ,Mikhail Kukushkin ,Laslo Djere ,2 ,0 ,7 ,7 , , , ,5 ,6 , , ,
Maharashtra Open - Pune ,2018-01-03 ,Benoit Paire ,Marton Fucsovics ,2 ,1 ,6 ,6 ,7 , , ,4 ,7 ,6 , ,
Maharashtra Open - Pune ,2018-01-03 ,Ricardo Ojeda Lara ,Ilya Ivashka ,2 ,0 ,6 ,6 , , , ,4 ,4 , , ,
Maharashtra Open - Pune ,2018-01-03 ,Pierre-Hugues Herbert ,Yuki Bhambri ,2 ,1 ,4 ,6 ,6 , , ,6 ,3 ,4 , ,
Noumea Challenger ,2018-01-03 ,Kenny de Schepper ,Alejandro Gonzalez ,2 ,0 ,6 ,6 , , , ,1 ,2 , , ,
Noumea Challenger ,2018-01-03 ,Tim Puetz ,Hubert Hurkacz ,2 ,0 ,7 ,6 , , , ,5 ,1 , , ,
Noumea Challenger ,2018-01-03 ,Gleb Sakharov ,Stephane Robert ,2 ,0 ,6 ,6 , , , ,1 ,4 , , ,
Noumea Challenger ,2018-01-03 ,Noah Rubin ,Zsombor Piros ,2 ,0 ,6 ,6 , , , ,4 ,3 , , ,
Noumea Challenger ,2018-01-03 ,Cameron Norrie ,Vincent Millot ,2 ,1 ,5 ,6 ,6 , , ,7 ,2 ,0 , ,
Noumea Challenger ,2018-01-03 ,Taylor Harry Fritz ,Kevin King ,2 ,1 ,7 ,5 ,6 , , ,6 ,7 ,4 , ,
Noumea Challenger ,2018-01-03 ,Casper Ruud ,Geoffrey Blancaneaux ,2 ,0 ,6 ,6 , , , ,2 ,3 , , ,
Noumea Challenger ,2018-01-03 ,Corentin Moutet ,Liam Caruana ,2 ,0 ,6 ,6 , , , ,4 ,2 , , ,
Playford Challenger ,2018-01-03 ,Marinko Matosevic ,Tobias Kamke ,2 ,0 ,6 ,6 , , , ,2 ,0 , , ,
Playford Challenger ,2018-01-03 ,Brayden Schnur ,Oscar Otte ,2 ,1 ,6 ,3 ,6 , , ,2 ,6 ,2 , ,
Playford Challenger ,2018-01-03 ,Omar Jasika ,Tommy Paul ,2 ,0 ,6 ,6 , , , ,3 ,3 , , ,
Playford Challenger ,2018-01-03 ,Reilly Opelka ,Kamil Majchrzak ,2 ,0 ,7 ,7 , , , ,6 ,6 , , ,
Qatar ExxonMobil Open - Doha ,2018-01-03 ,Gael Monfils ,Jan-Lennard Struff ,2 ,1 ,6 ,1 ,6 , , ,3 ,6 ,3 , ,
Qatar ExxonMobil Open - Doha ,2018-01-03 ,Guido Pella ,Stefano Travaglia ,2 ,0 ,7 ,6 , , , ,6 ,3 , , ,
Qatar ExxonMobil Open - Doha ,2018-01-03 ,Peter Gojowczyk ,Matteo Berrettini ,2 ,0 ,6 ,6 , , , ,2 ,2 , , ,
Qatar ExxonMobil Open - Doha ,2018-01-03 ,Mirza Basic ,Feliciano Lopez ,2 ,0 ,6 ,7 , , , ,4 ,6 , , ,
Qatar ExxonMobil Open - Doha ,2018-01-03 ,Dominic Thiem ,Aljaz Bedene ,2 ,0 ,7 ,6 , , , ,5 ,4 , , ,
Qatar ExxonMobil Open - Doha ,2018-01-03 ,Borna Coric ,Nikoloz Basilashvili ,2 ,0 ,6 ,6 , , , ,1 ,3 , , ,
Qatar ExxonMobil Open - Doha ,2018-01-03 ,Andrey Rublev ,Fernando Verdasco ,2 ,1 ,6 ,3 ,6 , , ,4 ,6 ,4 , ,
Qatar ExxonMobil Open - Doha ,2018-01-03 ,Stefanos Tsitsipas ,Richard Gasquet ,2 ,0 ,6 ,6 , , , ,3 ,4 , , ,
USA F1 (Los Angeles) ,2018-01-03 ,Guillermo Olaso ,Brandon Nakashima ,2 ,0 ,6 ,7 , , , ,2 ,6 , , ,
USA F1 (Los Angeles) ,2018-01-03 ,Emilio Gomez ,Christian Garin ,2 ,0 ,7 ,6 , , , ,5 ,4 , , ,
USA F1 (Los Angeles) ,2018-01-03 ,Jan Satral ,Deiton Baughman ,2 ,1 ,2 ,6 ,7 , , ,6 ,0 ,5 , ,
USA F1 (Los Angeles) ,2018-01-03 ,Roberto Marcora ,Jared Hiltzik ,2 ,1 ,6 ,3 ,6 , , ,2 ,6 ,4 , ,
USA F1 (Los Angeles) ,2018-01-03 ,Alexander Sarkissian ,Jc Aragone ,2 ,1 ,3 ,7 ,6 , , ,6 ,5 ,1 , ,
USA F1 (Los Angeles) ,2018-01-03 ,Karue Sell ,Dzmitry Zhyrmont ,2 ,0 ,6 ,7 , , , ,3 ,5 , , ,
USA F1 (Los Angeles) ,2018-01-03 ,Luke Bambridge ,Tomas Papik ,2 ,0 ,6 ,6 , , , ,3 ,3 , , ,
USA F1 (Los Angeles) ,2018-01-03 ,Kaichi Uchida ,Henry Craig ,2 ,0 ,6 ,6 , , , ,3 ,2 , , ,
USA F1 (Los Angeles) ,2018-01-03 ,Evan Song ,Ronnie Schneider ,2 ,0 ,6 ,6 , , , ,2 ,3 , , ,
USA F1 (Los Angeles) ,2018-01-03 ,Martin Redlicki ,Patrick Kypson ,2 ,0 ,6 ,6 , , , ,2 ,4 , , ,
USA F1 (Los Angeles) ,2018-01-03 ,Christopher Eubanks ,Sam Riffice ,2 ,1 ,5 ,6 ,7 , , ,7 ,3 ,5 , ,
USA F1 (Los Angeles) ,2018-01-03 ,Florian Lakat ,Ante Pavic ,2 ,0 ,6 ,6 , , , ,3 ,2 , , ,
USA F1 (Los Angeles) ,2018-01-03 ,Alex Rybakov ,Alexios Halebian ,2 ,0 ,6 ,6 , , , ,4 ,3 , , ,
USA F1 (Los Angeles) ,2018-01-03 ,Ulises Blanch ,Gage Brymer ,2 ,0 ,6 ,7 , , , ,2 ,5 , , ,
USA F1 (Los Angeles) ,2018-01-03 ,Gianni Ross ,Daniel Cukierman ,2 ,0 ,7 ,6 , , , ,6 ,1 , , ,
USA F1 (Los Angeles) ,2018-01-03 ,Alexander Lebedev ,Brandon Holt ,2 ,0 ,6 ,6 , , , ,3 ,2 , , ,
Bangkok Challenger ,2018-01-03 ,Sanchai Ratiwatana/Sonchat Ratiwatana ,Ivan Sabanov/Matej Sabanov ,2 ,0 ,7 ,6 , , , ,6 ,3 , , ,
Bangkok Challenger ,2018-01-03 ,Mao-Xin Gong/Di Wu ,Flavio Cipolla/Aleksandr Nedovesov ,2 ,0 ,7 ,6 , , , ,6 ,4 , , ,
Bangkok Challenger ,2018-01-03 ,Cheng-Peng Hsieh/Tsung-Hua Yang ,James Cerretani/Joe Salisbury ,2 ,1 ,6 ,6 ,1 , , ,7 ,4 ,7 , ,
Bangkok Challenger ,2018-01-03 ,Hsien-Yin Peng/Ze Zhang ,Congsup Congcar/Kasidit Samrej ,2 ,0 ,6 ,6 , , , ,3 ,2 , , ,
Bangkok Challenger ,2018-01-03 ,Mikhail Elgin/Timur Khabibulin ,Pruchya Isarow/Wishaya Trongcharoenchaikul ,2 ,0 ,6 ,6 , , , ,1 ,2 , , ,
Bangkok Challenger ,2018-01-03 ,Nikola Milojevic/Mohamed Safwat ,Frederik Nielsen/David O'hare ,2 ,0 ,6 ,6 , , , ,1 ,4 , , ,
Brisbane International - Brisbane ,2018-01-03 ,Henri Kontinen/John Peers ,Matthew Ebden/John Millman ,2 ,0 ,6 ,6 , , , ,4 ,3 , , ,
Brisbane International - Brisbane ,2018-01-03 ,Wesley Koolhof/Artem Sitak ,Steve Johnson/Gilles Muller ,2 ,0 ,7 ,7 , , , ,6 ,5 , , ,
Brisbane International - Brisbane ,2018-01-03 ,Grigor Dimitrov/Ryan Harrison ,Nick Kyrgios/Matt Reid ,2 ,0 ,7 ,7 , , , ,6 ,6 , , ,
Brisbane International - Brisbane ,2018-01-03 ,Marcelo Demoliner/Michael Venus ,Nicholas Monroe/John-Patrick Smith ,2 ,1 ,4 ,6 ,1 , , ,6 ,3 ,5 , ,
Maharashtra Open - Pune ,2018-01-03 ,Yuki Bhambri/Divij Sharan ,Laslo Djere/Blaz Kavcic ,2 ,0 ,6 ,6 , , , ,2 ,2 , , ,
Maharashtra Open - Pune ,2018-01-03 ,Roman Jebavy/Jiri Vesely ,Hans Podlipnik-Castillo/Andrei Vasilevski ,2 ,0 ,7 ,7 , , , ,6 ,5 , , ,
Noumea Challenger ,2018-01-03 ,Hubert Hurkacz/Michal Przysiezny ,Salvatore Caruso/Federico Gaio ,2 ,0 ,6 ,7 , , , ,3 ,5 , , ,
Noumea Challenger ,2018-01-03 ,Bradley Klahn/Jack Withrow ,Elliot Benchetrit/Geoffrey Blancaneaux ,2 ,0 ,6 ,7 , , , ,3 ,5 , , ,
Noumea Challenger ,2018-01-03 ,Hugo Nys/Tim Puetz ,Cameron Norrie/Jose Statham ,2 ,1 ,7 ,6 ,1 , , ,6 ,7 ,9 , ,
Noumea Challenger ,2018-01-03 ,Alejandro Gonzalez/Jaume Antoni Munar Clar ,Vincent Millot/Gleb Sakharov ,2 ,1 ,6 ,2 ,1 , , ,3 ,6 ,1 , ,
Playford Challenger ,2018-01-03 ,Maverick Banes/Jason Murray Kubler ,Marc Polmans/Andrew Whittington ,2 ,0 ,6 ,6 , , , ,4 ,3 , , ,
Playford Challenger ,2018-01-03 ,Max Purcell/Luke Saville ,Omar Jasika/Christopher O'Connell ,2 ,0 ,6 ,6 , , , ,3 ,3 , , ,
Qatar ExxonMobil Open - Doha ,2018-01-03 ,Pablo Carreno-Busta/Guillermo Garcia-Lopez ,Ivan Dodig/Fernando Verdasco ,2 ,1 ,6 ,5 ,1 , , ,3 ,7 ,7 , ,
Qatar ExxonMobil Open - Doha ,2018-01-03 ,Jamie Murray/Bruno Soares ,Borna Coric/Jan-Lennard Struff ,2 ,0 ,6 ,6 , , , ,3 ,4 , , ,
Qatar ExxonMobil Open - Doha ,2018-01-03 ,Oliver Marach/Mate Pavic ,Tuna Altuna/Elias Ymer ,2 ,0 ,6 ,6 , , , ,2 ,3 , , ,
Qatar ExxonMobil Open - Doha ,2018-01-03 ,Feliciano Lopez/Rajeev Ram ,Nikoloz Basilashvili/Andreas Haider-Maurer ,2 ,0 ,6 ,6 , , , ,2 ,2 , , ,
Bangkok Challenger ,2018-01-04 ,Aleksandr Nedovesov ,Goncalo Oliveira ,2 ,0 ,6 ,6 , , , ,4 ,3 , , ,
Bangkok Challenger ,2018-01-04 ,Ze Zhang ,Mohamed Safwat ,2 ,0 ,6 ,6 , , , ,0 ,1 , , ,
Bangkok Challenger ,2018-01-04 ,Mats Moraing ,Di Wu ,2 ,0 ,6 ,6 , , , ,2 ,2 , , ,
Bangkok Challenger ,2018-01-04 ,Zdenek Kolar ,Miomir Kecmanovic ,2 ,1 ,1 ,6 ,6 , , ,6 ,4 ,1 , ,
Brisbane International - Brisbane ,2018-01-04 ,Denis Istomin ,Jared Donaldson ,2 ,0 ,7 ,6 , , , ,6 ,2 , , ,
Brisbane International - Brisbane ,2018-01-04 ,Grigor Dimitrov ,John Millman ,2 ,1 ,4 ,7 ,6 , , ,6 ,6 ,3 , ,
Brisbane International - Brisbane ,2018-01-04 ,Ryan Harrison ,Yannick Hanfmann ,2 ,1 ,6 ,6 ,6 , , ,7 ,4 ,2 , ,
Brisbane International - Brisbane ,2018-01-04 ,Kyle Edmund ,Hyeon Chung ,2 ,1 ,7 ,5 ,6 , , ,6 ,7 ,4 , ,
Hong Kong F6 (Hong Kong) ,2018-01-04 ,Matteo Viola ,Shintaro Imai ,2 ,0 ,7 ,6 , , , ,5 ,2 , , ,
Hong Kong F6 (Hong Kong) ,2018-01-04 ,Matteo Viola ,Takuto Niki ,2 ,0 ,6 ,6 , , , ,1 ,3 , , ,
Hong Kong F6 (Hong Kong) ,2018-01-04 ,Harri Heliovaara ,Nam Hoang Ly ,2 ,0 ,7 ,6 , , , ,6 ,2 , , ,
Hong Kong F6 (Hong Kong) ,2018-01-04 ,Harri Heliovaara ,Jack Murray ,2 ,1 ,1 ,6 ,6 , , ,6 ,3 ,0 , ,
Hong Kong F6 (Hong Kong) ,2018-01-04 ,Shintaro Imai ,Emil Ruusuvuori ,2 ,0 ,6 ,6 , , , ,4 ,3 , , ,
Hong Kong F6 (Hong Kong) ,2018-01-04 ,Nam Hoang Ly ,Fabien Reboul ,2 ,0 ,6 ,7 , , , ,3 ,6 , , ,
Hopman Cup - Perth ,2018-01-04 ,Roger Federer ,Jack Sock ,2 ,0 ,7 ,7 , , , ,6 ,5 , , ,
Hopman Cup - Perth ,2018-01-04 ,Karen Khachanov ,Yuichi Sugita ,2 ,0 ,6 ,6 , , , ,4 ,2 , , ,
Maharashtra Open - Pune ,2018-01-04 ,Gilles Simon ,Ricardo Ojeda Lara ,2 ,0 ,6 ,6 , , , ,2 ,3 , , ,
Maharashtra Open - Pune ,2018-01-04 ,Marin Cilic ,Pierre-Hugues Herbert ,2 ,0 ,6 ,6 , , , ,3 ,2 , , ,
Maharashtra Open - Pune ,2018-01-04 ,Kevin Anderson ,Mikhail Kukushkin ,2 ,1 ,6 ,6 ,6 , , ,7 ,4 ,2 , ,
Maharashtra Open - Pune ,2018-01-04 ,Benoit Paire ,Robin Haase ,2 ,1 ,7 ,2 ,6 , , ,5 ,6 ,3 , ,
Noumea Challenger ,2018-01-04 ,Kenny de Schepper ,Cameron Norrie ,2 ,0 ,6 ,6 , , , ,4 ,4 , , ,
Noumea Challenger ,2018-01-04 ,Gleb Sakharov ,Casper Ruud ,2 ,0 ,7 ,6 , , , ,6 ,4 , , ,
Noumea Challenger ,2018-01-04 ,Noah Rubin ,Corentin Moutet ,2 ,1 ,5 ,6 ,6 , , ,7 ,4 ,2 , ,
Noumea Challenger ,2018-01-04 ,Taylor Harry Fritz ,Tim Puetz ,2 ,1 ,6 ,3 ,6 , , ,3 ,6 ,2 , ,
Playford Challenger ,2018-01-04 ,Evan King ,Maverick Banes ,2 ,1 ,6 ,6 ,6 , , ,4 ,7 ,4 , ,
Playford Challenger ,2018-01-04 ,Jason Murray Kubler ,Uladzimir Ignatik ,2 ,0 ,6 ,6 , , , ,4 ,4 , , ,
Playford Challenger ,2018-01-04 ,Norbert Gombos ,Hugo Grenier ,2 ,1 ,6 ,4 ,6 , , ,4 ,6 ,1 , ,
Playford Challenger ,2018-01-04 ,Alex Bolt ,Marc Polmans ,2 ,0 ,6 ,6 , , , ,4 ,3 , , ,
Qatar ExxonMobil Open - Doha ,2018-01-04 ,Gael Monfils ,Peter Gojowczyk ,2 ,0 ,6 ,7 , , , ,3 ,6 , , ,
Qatar ExxonMobil Open - Doha ,2018-01-04 ,Guido Pella ,Mirza Basic ,2 ,0 ,6 ,6 , , , ,2 ,3 , , ,
Qatar ExxonMobil Open - Doha ,2018-01-04 ,Dominic Thiem ,Stefanos Tsitsipas ,2 ,0 ,7 ,6 , , , ,5 ,4 , , ,
Qatar ExxonMobil Open - Doha ,2018-01-04 ,Andrey Rublev ,Borna Coric ,2 ,0 ,6 ,7 , , , ,3 ,5 , , ,
USA F1 (Los Angeles) ,2018-01-04 ,Jan Satral ,Roberto Marcora ,2 ,0 ,7 ,7 , , , ,5 ,6 , , ,
USA F1 (Los Angeles) ,2018-01-04 ,Alexander Sarkissian ,Martin Redlicki ,2 ,0 ,6 ,6 , , , ,1 ,3 , , ,
USA F1 (Los Angeles) ,2018-01-04 ,Karue Sell ,Ulises Blanch ,2 ,0 ,7 ,6 , , , ,6 ,3 , , ,
USA F1 (Los Angeles) ,2018-01-04 ,Kaichi Uchida ,Luke Bambridge ,2 ,0 ,6 ,6 , , , ,2 ,2 , , ,
USA F1 (Los Angeles) ,2018-01-04 ,Christopher Eubanks ,Guillermo Olaso ,2 ,0 ,6 ,6 , , , ,1 ,3 , , ,
USA F1 (Los Angeles) ,2018-01-04 ,Florian Lakat ,Evan Song ,2 ,0 ,7 ,7 , , , ,6 ,6 , , ,
USA F1 (Los Angeles) ,2018-01-04 ,Alex Rybakov ,Emilio Gomez ,2 ,1 ,5 ,6 ,7 , , ,7 ,4 ,5 , ,
USA F1 (Los Angeles) ,2018-01-04 ,Alexander Lebedev ,Gianni Ross ,2 ,0 ,6 ,6 , , , ,1 ,1 , , ,
Bangkok Challenger ,2018-01-04 ,Sanchai Ratiwatana/Sonchat Ratiwatana ,Mikhail Elgin/Timur Khabibulin ,2 ,1 ,6 ,3 ,1 , , ,4 ,6 ,4 , ,
Bangkok Challenger ,2018-01-04 ,Gerard Granollers/Marcel Granollers ,Hsien-Yin Peng/Ze Zhang ,2 ,0 ,6 ,7 , , , ,3 ,6 , , ,
Bangkok Challenger ,2018-01-04 ,Cheng-Peng Hsieh/Tsung-Hua Yang ,Nikola Milojevic/Mohamed Safwat ,2 ,0 ,7 ,6 , , , ,6 ,0 , , ,
Bangkok Challenger ,2018-01-04 ,Zdenek Kolar/Goncalo Oliveira ,Mao-Xin Gong/Di Wu ,2 ,0 ,6 ,7 , , , ,1 ,5 , , ,
Brisbane International - Brisbane ,2018-01-04 ,Leonardo Mayer/Horacio Zeballos ,Marcelo Demoliner/Michael Venus ,2 ,1 ,7 ,6 ,1 , , ,6 ,7 ,1 , ,
Maharashtra Open - Pune ,2018-01-04 ,Yuki Bhambri/Divij Sharan ,Robert Lindstedt/Franko Skugor ,2 ,1 ,7 ,2 ,1 , , ,5 ,6 ,6 , ,
Maharashtra Open - Pune ,2018-01-04 ,Robin Haase/Matwe Middelkoop ,Adil Shamasdin/Neal Skupski ,2 ,0 ,6 ,7 , , , ,3 ,5 , , ,
Maharashtra Open - Pune ,2018-01-04 ,Pierre-Hugues Herbert/Gilles Simon ,Rohan Bopanna/Jeevan Nedunchezhiyan ,2 ,0 ,6 ,7 , , , ,3 ,5 , , ,
Noumea Challenger ,2018-01-04 ,Hugo Nys/Tim Puetz ,Hubert Hurkacz/Michal Przysiezny ,2 ,0 ,6 ,6 , , , ,2 ,4 , , ,
Noumea Challenger ,2018-01-04 ,Alejandro Gonzalez/Jaume Antoni Munar Clar ,Bradley Klahn/Jack Withrow ,2 ,1 ,6 ,4 ,1 , , ,4 ,6 ,9 , ,
Playford Challenger ,2018-01-04 ,Maverick Banes/Jason Murray Kubler ,Max Purcell/Luke Saville ,2 ,1 ,6 ,7 ,1 , , ,7 ,6 ,3 , ,
Playford Challenger ,2018-01-04 ,Mackenzie McDonald/Tommy Paul ,Richard Berankis/Sergiy Stakhovsky ,1 ,0 ,w , , , , , , , , ,
Playford Challenger ,2018-01-04 ,Tobias Kamke/Oscar Otte ,Bjorn Fratangelo/Brayden Schnur ,1 ,0 ,w , , , , , , , , ,
Qatar ExxonMobil Open - Doha ,2018-01-04 ,Jamie Murray/Bruno Soares ,Feliciano Lopez/Rajeev Ram ,2 ,1 ,6 ,4 ,1 , , ,3 ,6 ,6 , ,
Qatar ExxonMobil Open - Doha ,2018-01-04 ,Oliver Marach/Mate Pavic ,Pablo Carreno-Busta/Guillermo Garcia-Lopez ,2 ,0 ,6 ,6 , , , ,3 ,4 , , ,
ASB Classic - Auckland ,2018-01-05 ,Taro Daniel ,Ajeet Rai ,2 ,0 ,6 ,6 , , , ,1 ,2 , , ,
Bangkok Challenger ,2018-01-05 ,Marcel Granollers ,Duckhee Lee ,2 ,0 ,6 ,6 , , , ,2 ,4 , , ,
Bangkok Challenger ,2018-01-05 ,Aleksandr Nedovesov ,Zdenek Kolar ,2 ,1 ,7 ,3 ,7 , , ,5 ,6 ,6 , ,
Bangkok Challenger ,2018-01-05 ,Blaz Rola ,Evgeny Karlovskiy ,2 ,0 ,7 ,6 , , , ,6 ,4 , , ,
Bangkok Challenger ,2018-01-05 ,Mats Moraing ,Ze Zhang ,1 ,0 ,w , , , , , , , , ,
Brisbane International - Brisbane ,2018-01-05 ,Grigor Dimitrov ,Kyle Edmund ,2 ,1 ,6 ,6 ,6 , , ,3 ,7 ,4 , ,
Brisbane International - Brisbane ,2018-01-05 ,Ryan Harrison ,Denis Istomin ,1 ,0 ,7 ,6 ,4 , , ,6 , ,2 , ,
Brisbane International - Brisbane ,2018-01-05 ,Nick Kyrgios ,Alexandr Dolgopolov ,2 ,1 ,1 ,6 ,6 , , ,6 ,3 ,4 , ,
Brisbane International - Brisbane ,2018-01-05 ,Alex De Minaur ,Michael Mmoh ,2 ,0 ,6 ,6 , , , ,4 ,0 , , ,
Hopman Cup - Perth ,2018-01-05 ,David Goffin ,Vasek Pospisil ,2 ,0 ,6 ,6 , , , ,2 ,4 , , ,
Hopman Cup - Perth ,2018-01-05 ,Thanasi Kokkinakis ,Alexander Zverev ,2 ,1 ,5 ,7 ,6 , , ,7 ,6 ,4 , ,
Maharashtra Open - Pune ,2018-01-05 ,Gilles Simon ,Marin Cilic ,2 ,1 ,1 ,6 ,6 , , ,6 ,3 ,2 , ,
Maharashtra Open - Pune ,2018-01-05 ,Kevin Anderson ,Benoit Paire ,2 ,1 ,6 ,7 ,6 , , ,7 ,6 ,1 , ,
Noumea Challenger ,2018-01-05 ,Noah Rubin ,Gleb Sakharov ,2 ,0 ,7 ,6 , , , ,5 ,3 , , ,
Noumea Challenger ,2018-01-05 ,Taylor Harry Fritz ,Kenny de Schepper ,2 ,1 ,6 ,6 ,7 , , ,3 ,7 ,6 , ,
Playford Challenger ,2018-01-05 ,Evan King ,Norbert Gombos ,2 ,0 ,6 ,7 , , , ,4 ,5 , , ,
Playford Challenger ,2018-01-05 ,Jason Murray Kubler ,Alex Bolt ,2 ,0 ,6 ,6 , , , ,3 ,3 , , ,
Playford Challenger ,2018-01-05 ,Brayden Schnur ,Marinko Matosevic ,2 ,1 ,6 ,7 ,7 , , ,7 ,5 ,6 , ,
Playford Challenger ,2018-01-05 ,Reilly Opelka ,Omar Jasika ,2 ,1 ,7 ,5 ,6 , , ,6 ,7 ,4 , ,
Qatar ExxonMobil Open - Doha ,2018-01-05 ,Gael Monfils ,Dominic Thiem ,1 ,0 ,w , , , , , , , , ,
Qatar ExxonMobil Open - Doha ,2018-01-05 ,Andrey Rublev ,Guido Pella ,2 ,1 ,6 ,4 ,7 , , ,2 ,6 ,6 , ,
USA F1 (Los Angeles) ,2018-01-05 ,Jan Satral ,Alexander Lebedev ,2 ,0 ,6 ,6 , , , ,3 ,1 , , ,
USA F1 (Los Angeles) ,2018-01-05 ,Karue Sell ,Alex Rybakov ,2 ,0 ,6 ,6 , , , ,4 ,3 , , ,
USA F1 (Los Angeles) ,2018-01-05 ,Kaichi Uchida ,Florian Lakat ,2 ,0 ,7 ,6 , , , ,6 ,0 , , ,
USA F1 (Los Angeles) ,2018-01-05 ,Christopher Eubanks ,Alexander Sarkissian ,2 ,1 ,6 ,7 ,6 , , ,7 ,5 ,3 , ,
Bangkok Challenger ,2018-01-05 ,Gerard Granollers/Marcel Granollers ,Sanchai Ratiwatana/Sonchat Ratiwatana ,2 ,0 ,6 ,6 , , , ,3 ,4 , , ,
Bangkok Challenger ,2018-01-05 ,Zdenek Kolar/Goncalo Oliveira ,Cheng-Peng Hsieh/Tsung-Hua Yang ,2 ,1 ,6 ,3 ,1 , , ,2 ,6 ,8 , ,
Maharashtra Open - Pune ,2018-01-05 ,Robin Haase/Matwe Middelkoop ,Roman Jebavy/Jiri Vesely ,2 ,0 ,6 ,6 , , , ,2 ,4 , , ,
Maharashtra Open - Pune ,2018-01-05 ,Pierre-Hugues Herbert/Gilles Simon ,Yuki Bhambri/Divij Sharan ,2 ,0 ,6 ,7 , , , ,4 ,6 , , ,
Noumea Challenger ,2018-01-05 ,Hugo Nys/Tim Puetz ,Alejandro Gonzalez/Jaume Antoni Munar Clar ,2 ,0 ,6 ,6 , , , ,2 ,2 , , ,
Playford Challenger ,2018-01-05 ,Mackenzie McDonald/Tommy Paul ,Tobias Kamke/Oscar Otte ,2 ,0 ,6 ,6 , , , ,4 ,4 , , ,
Qatar ExxonMobil Open - Doha ,2018-01-05 ,Oliver Marach/Mate Pavic ,Jamie Murray/Bruno Soares ,2 ,0 ,6 ,7 , , , ,2 ,6 , , ,
ASB Classic - Auckland ,2018-01-06 ,Rogerio Dutra Da Silva ,Sam Barry ,2 ,1 ,6 ,3 ,7 , , ,2 ,6 ,5 , ,
ASB Classic - Auckland ,2018-01-06 ,Lukas Lacko ,Jose Statham ,2 ,0 ,6 ,7 , , , ,1 ,5 , , ,
ASB Classic - Auckland ,2018-01-06 ,Tim Smyczek ,Finn Reynolds ,2 ,0 ,6 ,6 , , , ,1 ,2 , , ,
ASB Classic - Auckland ,2018-01-06 ,Radu Albot ,Brydan Klein ,2 ,0 ,7 ,6 , , , ,5 ,4 , , ,
ASB Classic - Auckland ,2018-01-06 ,Tennys Sandgren ,Michal Przysiezny ,2 ,0 ,7 ,7 , , , ,6 ,6 , , ,
ASB Classic - Auckland ,2018-01-06 ,Liam Caruana ,Blaz Kavcic ,2 ,0 ,6 ,6 , , , ,3 ,4 , , ,
ASB Classic - Auckland ,2018-01-06 ,Casper Ruud ,Stephane Robert ,2 ,1 ,6 ,6 ,7 , , ,3 ,7 ,6 , ,
Bangkok Challenger ,2018-01-06 ,Marcel Granollers ,Blaz Rola ,2 ,0 ,6 ,6 , , , ,2 ,3 , , ,
Bangkok Challenger ,2018-01-06 ,Mao-Xin Gong ,Worarin Kumthonkittikul ,2 ,1 ,4 ,6 ,6 , , ,6 ,3 ,1 , ,
Bangkok Challenger ,2018-01-06 ,Cheng-Peng Hsieh ,Akanit Pumjit ,2 ,0 ,6 ,6 , , , ,2 ,2 , , ,
Bangkok Challenger ,2018-01-06 ,Mats Moraing ,Aleksandr Nedovesov ,2 ,0 ,7 ,6 , , , ,6 ,3 , , ,
Bangkok Challenger ,2018-01-06 ,Chaleechan Tanasugarn ,Tanakorn Srirat ,2 ,0 ,6 ,6 , , , ,0 ,2 , , ,
Bangkok Challenger ,2018-01-06 ,Matej Sabanov ,Hsien-Yin Peng ,2 ,0 ,6 ,6 , , , ,0 ,3 , , ,
Bangkok Challenger ,2018-01-06 ,Wei-De Lin ,Werapath Sirijatiyaporn ,1 ,0 ,6 , , , , ,1 , , , ,
Bangkok Challenger ,2018-01-06 ,Kenneth Raisma ,Natthasith Kunsuwan ,2 ,0 ,6 ,6 , , , ,0 ,3 , , ,
Brisbane International - Brisbane ,2018-01-06 ,Ryan Harrison ,Alex De Minaur ,2 ,1 ,4 ,7 ,6 , , ,6 ,6 ,4 , ,
Brisbane International - Brisbane ,2018-01-06 ,Nick Kyrgios ,Grigor Dimitrov ,2 ,1 ,3 ,6 ,6 , , ,6 ,1 ,4 , ,
Canberra Challenger ,2018-01-06 ,Jarryd Chaplin ,Dane Propoggia ,1 ,0 ,w , , , , , , , , ,
Canberra Challenger ,2018-01-06 ,Scott Puodziunas ,Lawrence Bataljin ,2 ,0 ,6 ,6 , , , ,3 ,4 , , ,
Canberra Challenger ,2018-01-06 ,Steven De Waard ,Chanchin Sookton-Eng ,2 ,1 ,6 ,6 ,7 , , ,7 ,4 ,5 , ,
Canberra Challenger ,2018-01-06 ,Brian Tran ,Jason Taylor ,2 ,1 ,3 ,6 ,6 , , ,6 ,3 ,2 , ,
Canberra Challenger ,2018-01-06 ,Tomislav Edward Papac ,Matthew Dellavedova ,2 ,1 ,2 ,7 ,6 , , ,6 ,6 ,4 , ,
Canberra Challenger ,2018-01-06 ,Matthew Christopher Romios ,Alexander Babanine ,2 ,1 ,6 ,3 ,6 , , ,4 ,6 ,3 , ,
Canberra Challenger ,2018-01-06 ,Benard Bruno Nkomba ,Jamieson Nathan ,2 ,0 ,6 ,7 , , , ,2 ,5 , , ,
Canberra Challenger ,2018-01-06 ,Jaimee Floyd Angele ,David Barclay ,2 ,1 ,7 ,4 ,7 , , ,5 ,6 ,5 , ,
Canberra Challenger ,2018-01-06 ,Rinky Hijikata ,Jesse Delaney ,2 ,0 ,6 ,6 , , , ,2 ,3 , , ,
China F1 (Anning) ,2018-01-06 ,Chuhan Wang ,Hyun Su Ro ,2 ,0 ,6 ,6 , , , ,0 ,0 , , ,
China F1 (Anning) ,2018-01-06 ,Ya Hui Nie ,Jiajun He ,2 ,0 ,6 ,6 , , , ,3 ,2 , , ,
China F1 (Anning) ,2018-01-06 ,Jianhui Li ,Raileanu Valentin ,2 ,0 ,6 ,6 , , , ,0 ,0 , , ,
China F1 (Anning) ,2018-01-06 ,Goran Markovic ,Tian Yi Hu ,2 ,0 ,6 ,6 , , , ,0 ,0 , , ,
China F1 (Anning) ,2018-01-06 ,William Ma ,Zheng Baoluo ,2 ,0 ,6 ,6 , , , ,4 ,3 , , ,
China F1 (Anning) ,2018-01-06 ,Shao-Fan Liu ,Yan Bai (1999) ,2 ,0 ,6 ,6 , , , ,0 ,0 , , ,
China F1 (Anning) ,2018-01-06 ,Zihao Xia ,Sheng Tang ,2 ,0 ,6 ,6 , , , ,3 ,2 , , ,
China F1 (Anning) ,2018-01-06 ,Hu Liu ,Hadzhymyrat Charyyev ,2 ,0 ,6 ,6 , , , ,0 ,2 , , ,
China F1 (Anning) ,2018-01-06 ,Runyu Zhao ,Hao Yuan Ng ,2 ,1 ,6 ,3 ,6 , , ,4 ,6 ,2 , ,
China F1 (Anning) ,2018-01-06 ,Naifu Zhang ,Lewei Cai ,2 ,0 ,6 ,6 , , , ,2 ,0 , , ,
France F1 (Bagnoles-de-l'Orne) ,2018-01-06 ,Alessandro Dragoni ,Quentin Gueydan ,2 ,0 ,7 ,6 , , , ,6 ,4 , , ,
France F1 (Bagnoles-de-l'Orne) ,2018-01-06 ,Alexis Boureau ,Alexander Van Kerkhoven ,2 ,0 ,6 ,6 , , , ,1 ,2 , , ,
France F1 (Bagnoles-de-l'Orne) ,2018-01-06 ,Leo Bresson ,Juan Barrera ,2 ,0 ,6 ,6 , , , ,0 ,4 , , ,
France F1 (Bagnoles-de-l'Orne) ,2018-01-06 ,Paul Valsecchi ,Benjamin Paranque ,2 ,1 ,7 ,4 ,6 , , ,6 ,6 ,1 , ,
France F1 (Bagnoles-de-l'Orne) ,2018-01-06 ,Hugo Pontico ,Aymeric Bourne ,2 ,0 ,6 ,6 , , , ,4 ,2 , , ,
France F1 (Bagnoles-de-l'Orne) ,2018-01-06 ,Youlian Iakovlev ,Killian Limousin ,2 ,0 ,6 ,6 , , , ,3 ,3 , , ,
France F1 (Bagnoles-de-l'Orne) ,2018-01-06 ,Julien De Cuyper ,Viacheslav Glebov ,2 ,0 ,6 ,6 , , , ,2 ,0 , , ,
France F1 (Bagnoles-de-l'Orne) ,2018-01-06 ,Clement Hamel ,Lofo Ramiaramanan ,2 ,1 ,4 ,6 ,6 , , ,6 ,4 ,2 , ,
France F1 (Bagnoles-de-l'Orne) ,2018-01-06 ,Nicolas Teysseyre ,Manuel Vives ,2 ,0 ,6 ,6 , , , ,2 ,4 , , ,
France F1 (Bagnoles-de-l'Orne) ,2018-01-06 ,Florian Eysseric ,Mehidi Saaied ,2 ,0 ,6 ,6 , , , ,0 ,0 , , ,
Hong Kong F6 (Hong Kong) ,2018-01-06 ,Matteo Viola ,Harri Heliovaara ,2 ,1 ,3 ,6 ,7 , , ,6 ,2 ,6 , ,
Hopman Cup - Perth ,2018-01-06 ,Roger Federer ,Alexander Zverev ,2 ,1 ,6 ,6 ,6 , , ,7 ,0 ,2 , ,
Maharashtra Open - Pune ,2018-01-06 ,Gilles Simon ,Kevin Anderson ,2 ,0 ,7 ,6 , , , ,6 ,2 , , ,
Noumea Challenger ,2018-01-06 ,Noah Rubin ,Taylor Harry Fritz ,2 ,0 ,7 ,6 , , , ,5 ,4 , , ,
Playford Challenger ,2018-01-06 ,Jason Murray Kubler ,Reilly Opelka ,2 ,0 ,7 ,6 , , , ,6 ,3 , , ,
Playford Challenger ,2018-01-06 ,Brayden Schnur ,Evan King ,2 ,0 ,6 ,7 , , , ,3 ,6 , , ,
Qatar ExxonMobil Open - Doha ,2018-01-06 ,Gael Monfils ,Andrey Rublev ,2 ,0 ,6 ,6 , , , ,2 ,3 , , ,
Sydney International - Sydney ,2018-01-06 ,Nicolas Mahut ,Christopher O'Connell ,2 ,1 ,2 ,6 ,6 , , ,6 ,4 ,4 , ,
Sydney International - Sydney ,2018-01-06 ,Teimuraz Gabashvili ,Vladimir Polyakov ,1 ,0 ,w , , , , , , , , ,
Sydney International - Sydney ,2018-01-06 ,Richard Berankis ,Matthew Barton ,2 ,0 ,7 ,6 , , , ,5 ,3 , , ,
Sydney International - Sydney ,2018-01-06 ,Evgeny Donskoy ,Nicholas Monroe ,2 ,0 ,6 ,6 , , , ,3 ,4 , , ,
Sydney International - Sydney ,2018-01-06 ,Daniil Medvedev ,Alexander Zhurbin ,2 ,0 ,6 ,6 , , , ,1 ,2 , , ,
Sydney International - Sydney ,2018-01-06 ,Vaclav Safranek ,Fabrice Martin ,2 ,0 ,6 ,6 , , , ,1 ,2 , , ,
Sydney International - Sydney ,2018-01-06 ,Aleksandar Vukic ,Dusan Lajovic ,2 ,0 ,7 ,7 , , , ,5 ,6 , , ,
Sydney International - Sydney ,2018-01-06 ,Alexei Popyrin ,Federico Delbonis ,2 ,1 ,4 ,6 ,6 , , ,6 ,3 ,3 , ,
Tunisia F1 (Hammamet) ,2018-01-06 ,Aymen Ikhlef ,Joen Moth-Poulsen ,2 ,0 ,7 ,6 , , , ,5 ,2 , , ,
Tunisia F1 (Hammamet) ,2018-01-06 ,Athanassios Manekas ,Habib Stambouli ,2 ,0 ,6 ,6 , , , ,3 ,4 , , ,
Tunisia F1 (Hammamet) ,2018-01-06 ,Stefano Battaglino ,Alejandro Garcia ,2 ,0 ,6 ,6 , , , ,2 ,0 , , ,
Tunisia F1 (Hammamet) ,2018-01-06 ,Alessio De Bernardis ,Tomoya Kitayama ,2 ,1 ,6 ,3 ,7 , , ,4 ,6 ,5 , ,
Turkey F1 (Antalya) ,2018-01-06 ,Julien Eon ,Gleb Alekseenko ,2 ,0 ,6 ,6 , , , ,0 ,3 , , ,
Turkey F1 (Antalya) ,2018-01-06 ,Masayoshi Ono ,Vincentiu Andrei Niculescu ,2 ,0 ,6 ,6 , , , ,2 ,1 , , ,
Turkey F1 (Antalya) ,2018-01-06 ,Alexander Boborykin ,Frane Nincevic ,2 ,1 ,5 ,6 ,6 , , ,7 ,3 ,1 , ,
Turkey F1 (Antalya) ,2018-01-06 ,Tiran Sanghera ,Boris Neiman ,2 ,0 ,6 ,6 , , , ,0 ,2 , , ,
Turkey F1 (Antalya) ,2018-01-06 ,Nikolaj Katic ,Philipp Sikorski ,2 ,1 ,6 ,1 ,6 , , ,2 ,6 ,2 , ,
Turkey F1 (Antalya) ,2018-01-06 ,Ran Amar ,Cristian Florentin Voinea ,2 ,0 ,7 ,7 , , , ,6 ,6 , , ,
Turkey F1 (Antalya) ,2018-01-06 ,Nikita Valentsev ,Vazha Shubladze ,2 ,1 ,6 ,3 ,6 , , ,4 ,6 ,1 , ,
Turkey F1 (Antalya) ,2018-01-06 ,Rimpei Kawakami ,Tamerlan Evloev ,2 ,0 ,6 ,6 , , , ,0 ,3 , , ,
Turkey F1 (Antalya) ,2018-01-06 ,Nikolay Vylegzhanin ,Jesper Andi Jorgensen ,2 ,0 ,6 ,6 , , , ,4 ,0 , , ,
Turkey F1 (Antalya) ,2018-01-06 ,Maxim Krapivin ,Vladimir Senchuk ,2 ,0 ,6 ,6 , , , ,1 ,4 , , ,
Turkey F1 (Antalya) ,2018-01-06 ,Dmitry Myagkov ,Thomas Macleod ,2 ,0 ,6 ,6 , , , ,2 ,0 , , ,
USA F1 (Los Angeles) ,2018-01-06 ,Karue Sell ,Jan Satral ,2 ,0 ,6 ,6 , , , ,4 ,4 , , ,
USA F1 (Los Angeles) ,2018-01-06 ,Christopher Eubanks ,Kaichi Uchida ,2 ,1 ,7 ,3 ,7 , , ,6 ,6 ,5 , ,
USA F3 (Naples) ,2018-01-06 ,Mark Oljaca ,Vito Dell'Elba ,2 ,0 ,6 ,6 , , , ,0 ,2 , , ,
USA F3 (Naples) ,2018-01-06 ,Pedro Wagner ,Andrew Mariados ,2 ,0 ,6 ,6 , , , ,0 ,4 , , ,
USA F3 (Naples) ,2018-01-06 ,Mauricio Resendiz Dominguez ,Daniel Zuluaga Ramirez ,2 ,0 ,6 ,6 , , , ,0 ,1 , , ,
USA F3 (Naples) ,2018-01-06 ,Petros Chrysochos ,Adam Ambrozy ,2 ,1 ,6 ,1 ,6 , , ,3 ,6 ,3 , ,
USA F3 (Naples) ,2018-01-06 ,Juan Rocha ,Jacob Beasley ,2 ,1 ,4 ,7 ,6 , , ,6 ,6 ,0 , ,
USA F3 (Naples) ,2018-01-06 ,Ryan Alexander Mueller ,Mahir Dalwani ,2 ,0 ,6 ,6 , , , ,0 ,1 , , ,
USA F3 (Naples) ,2018-01-06 ,Justin Butsch ,Jordan Chiu ,1 ,0 ,5 , , , , ,2 , , , ,
USA F3 (Naples) ,2018-01-06 ,Julian Bradley ,Alejandro Becker ,2 ,0 ,6 ,6 , , , ,1 ,0 , , ,
USA F3 (Naples) ,2018-01-06 ,Alan Gadjiev ,Ian Dempster ,2 ,1 ,6 ,4 ,6 , , ,4 ,6 ,4 , ,
USA F3 (Naples) ,2018-01-06 ,Jordan Nickerson ,Alessandro Aufiero ,2 ,0 ,6 ,6 , , , ,1 ,0 , , ,
USA F3 (Naples) ,2018-01-06 ,Joseph W. Van Meter ,Eros Siringo ,1 ,0 ,w , , , , , , , , ,
USA F3 (Naples) ,2018-01-06 ,Joseph W. Van Meter ,Dustin Goldenberg ,2 ,0 ,6 ,6 , , , ,1 ,4 , , ,
USA F3 (Naples) ,2018-01-06 ,Grigoriy Lomakin ,Edward Lewis ,2 ,0 ,6 ,7 , , , ,1 ,5 , , ,
USA F3 (Naples) ,2018-01-06 ,Trent Bryde ,Joseph Corse ,2 ,0 ,6 ,6 , , , ,3 ,2 , , ,
USA F3 (Naples) ,2018-01-06 ,Zandrix Acob ,Angel Peredo ,2 ,0 ,6 ,6 , , , ,1 ,0 , , ,
USA F3 (Naples) ,2018-01-06 ,Arturo Schmidt ,Yuval Solomon ,2 ,1 ,4 ,6 ,6 , , ,6 ,3 ,1 , ,
USA F3 (Naples) ,2018-01-06 ,Cesar Antonio Gomez Diaz ,Juan Pablo Velasquez ,2 ,0 ,6 ,6 , , , ,0 ,1 , , ,
USA F3 (Naples) ,2018-01-06 ,Christian Seraphim ,Pedro Ferrari Maciel ,2 ,1 ,2 ,6 ,6 , , ,6 ,1 ,3 , ,
USA F3 (Naples) ,2018-01-06 ,Jordan Parker ,Rafael Wagner ,2 ,0 ,6 ,6 , , , ,2 ,2 , , ,
USA F3 (Naples) ,2018-01-06 ,Ricardo Rojas ,Tomas Krcma ,2 ,0 ,6 ,6 , , , ,3 ,3 , , ,
USA F3 (Naples) ,2018-01-06 ,Pietro Rimondini ,Francesco Mowrey ,2 ,0 ,6 ,6 , , , ,4 ,0 , , ,
USA F3 (Naples) ,2018-01-06 ,Mark Chepurnoy ,John Ziolo ,2 ,0 ,6 ,6 , , , ,1 ,1 , , ,
USA F3 (Naples) ,2018-01-06 ,Aleksandar Kovacevic ,Andrew Cahn ,2 ,0 ,6 ,6 , , , ,2 ,1 , , ,
USA F3 (Naples) ,2018-01-06 ,Ivan Yatsuk ,Junior Tavarez Pichardo ,2 ,0 ,6 ,6 , , , ,3 ,4 , , ,
USA F3 (Naples) ,2018-01-06 ,Malik Bhatnagar ,Joseph Mcallister ,2 ,0 ,6 ,6 , , , ,3 ,2 , , ,
USA F3 (Naples) ,2018-01-06 ,Coy Simon ,Bryant Mohns ,2 ,0 ,6 ,6 , , , ,1 ,2 , , ,
USA F3 (Naples) ,2018-01-06 ,Rowland Phillips ,Bradley Holt ,2 ,0 ,7 ,6 , , , ,5 ,3 , , ,
USA F3 (Naples) ,2018-01-06 ,Andrew Heller ,William Schneider ,2 ,0 ,6 ,6 , , , ,3 ,0 , , ,
USA F3 (Naples) ,2018-01-06 ,Brian Bencic ,Felipe Ribeiro Frattini ,2 ,0 ,6 ,6 , , , ,4 ,4 , , ,
USA F3 (Naples) ,2018-01-06 ,Jonathan Sorbo ,Jonathan Olive-Blanco ,2 ,1 ,6 ,3 ,6 , , ,4 ,6 ,0 , ,
USA F3 (Naples) ,2018-01-06 ,Evan Bynoe ,Cesar Cernuda Alonso ,2 ,0 ,6 ,6 , , , ,1 ,0 , , ,
USA F3 (Naples) ,2018-01-06 ,Emmanuel Vacalares ,Danny Allen Graves Jr. ,2 ,0 ,6 ,6 , , , ,2 ,1 , , ,
USA F3 (Naples) ,2018-01-06 ,Sultan Narbekov ,Tunde Segodo ,2 ,1 ,4 ,6 ,6 , , ,6 ,1 ,2 , ,
USA F3 (Naples) ,2018-01-06 ,Verdine Browne ,Sergio Riveros ,2 ,1 ,6 ,2 ,6 , , ,2 ,6 ,2 , ,
USA F3 (Naples) ,2018-01-06 ,Garrett Johns ,Cameron Mofid ,2 ,0 ,6 ,6 , , , ,0 ,0 , , ,
USA F3 (Naples) ,2018-01-06 ,Yeudy Villar ,Darryl Hale ,2 ,0 ,6 ,6 , , , ,1 ,2 , , ,
USA F3 (Naples) ,2018-01-06 ,Tristan Mccormick ,Daniel Fainblum ,2 ,0 ,7 ,6 , , , ,6 ,0 , , ,
USA F3 (Naples) ,2018-01-06 ,Juan Hernandez Serrano ,Tyler Cissell ,2 ,0 ,6 ,6 , , , ,0 ,0 , , ,
USA F3 (Naples) ,2018-01-06 ,Marcelo Sepulveda ,Jacob Hansen ,2 ,0 ,6 ,7 , , , ,4 ,6 , , ,
USA F3 (Naples) ,2018-01-06 ,Gabriel Daldegan Ferreira ,Renan Perdigao ,2 ,0 ,6 ,6 , , , ,4 ,0 , , ,
USA F3 (Naples) ,2018-01-06 ,Luis Andres Platas ,Jesus Perez Plaza ,2 ,0 ,6 ,6 , , , ,3 ,2 , , ,
USA F3 (Naples) ,2018-01-06 ,Sebastian Murillo ,Diego Carranza ,2 ,0 ,6 ,6 , , , ,2 ,1 , , ,
USA F3 (Naples) ,2018-01-06 ,Ritik Sundaram ,Leonardo Vega ,2 ,0 ,6 ,7 , , , ,0 ,6 , , ,
USA F3 (Naples) ,2018-01-06 ,Samuel Rubell ,Youssef Rajia ,2 ,0 ,6 ,6 , , , ,4 ,2 , , ,
USA F3 (Naples) ,2018-01-06 ,Joshua Miller (USA) ,Agustin Moreno ,2 ,0 ,6 ,6 , , , ,2 ,1 , , ,
USA F3 (Naples) ,2018-01-06 ,Max Hartenstein ,Christopher Rosensteel ,2 ,1 ,1 ,6 ,6 , , ,6 ,3 ,4 , ,
USA F3 (Naples) ,2018-01-06 ,Nikolas Tvedt ,Babji Siva Atturu ,2 ,1 ,7 ,4 ,7 , , ,5 ,6 ,5 , ,
USA F3 (Naples) ,2018-01-06 ,Antoine Sanchez ,Vasyl Kiselyov ,2 ,0 ,7 ,6 , , , ,5 ,2 , , ,
USA F3 (Naples) ,2018-01-06 ,Ronan Jachuck ,Chase Parker ,2 ,0 ,6 ,6 , , , ,0 ,2 , , ,
USA F3 (Naples) ,2018-01-06 ,William Priddy ,Charles Dossetter ,2 ,1 ,6 ,6 ,6 , , ,7 ,1 ,4 , ,
USA F3 (Naples) ,2018-01-06 ,Mikael Rodriguez ,Jake Rabani ,2 ,0 ,6 ,6 , , , ,0 ,0 , , ,
Bangkok Challenger ,2018-01-06 ,Gerard Granollers/Marcel Granollers ,Zdenek Kolar/Goncalo Oliveira ,2 ,0 ,6 ,7 , , , ,3 ,6 , , ,
Brisbane International - Brisbane ,2018-01-06 ,Leonardo Mayer/Horacio Zeballos ,Wesley Koolhof/Artem Sitak ,2 ,1 ,4 ,6 ,1 , , ,6 ,1 ,6 , ,
Brisbane International - Brisbane ,2018-01-06 ,Henri Kontinen/John Peers ,Grigor Dimitrov/Ryan Harrison ,1 ,0 ,w , , , , , , , , ,
Maharashtra Open - Pune ,2018-01-06 ,Robin Haase/Matwe Middelkoop ,Pierre-Hugues Herbert/Gilles Simon ,2 ,0 ,7 ,7 , , , ,6 ,6 , , ,
Playford Challenger ,2018-01-06 ,Mackenzie McDonald/Tommy Paul ,Maverick Banes/Jason Murray Kubler ,2 ,0 ,7 ,6 , , , ,6 ,4 , , ,
ASB Classic - Auckland ,2018-01-07 ,Rogerio Dutra Da Silva ,Lukas Lacko ,2 ,0 ,7 ,6 , , , ,5 ,4 , , ,
ASB Classic - Auckland ,2018-01-07 ,Tim Smyczek ,Liam Caruana ,2 ,0 ,6 ,6 , , , ,4 ,2 , , ,
ASB Classic - Auckland ,2018-01-07 ,Radu Albot ,Taro Daniel ,2 ,1 ,5 ,6 ,6 , , ,7 ,3 ,4 , ,
ASB Classic - Auckland ,2018-01-07 ,Casper Ruud ,Tennys Sandgren ,2 ,1 ,6 ,7 ,6 , , ,7 ,6 ,4 , ,
Bangkok Challenger ,2018-01-07 ,Frederik Nielsen ,Matej Sabanov ,2 ,1 ,5 ,6 ,6 , , ,7 ,4 ,4 , ,
Bangkok Challenger ,2018-01-07 ,Marcel Granollers ,Mats Moraing ,2 ,1 ,4 ,6 ,7 , , ,6 ,3 ,5 , ,
Bangkok Challenger ,2018-01-07 ,Yuuya Kibi ,Cheng-Peng Hsieh ,1 ,0 ,3 ,7 ,8 ,2 , ,6 ,6 , ,0 ,
Bangkok Challenger ,2018-01-07 ,Daniiar Duldaev ,Chaleechan Tanasugarn ,2 ,0 ,6 ,6 , , , ,4 ,2 , , ,
Bangkok Challenger ,2018-01-07 ,Lukas Ollert ,Mao-Xin Gong ,2 ,0 ,6 ,6 , , , ,3 ,1 , , ,
Bangkok Challenger ,2018-01-07 ,Timur Khabibulin ,Kenneth Raisma ,2 ,0 ,6 ,6 , , , ,1 ,4 , , ,
Bangkok Challenger ,2018-01-07 ,Sidharth Rawat ,Wei-De Lin ,2 ,1 ,4 ,6 ,7 , , ,6 ,1 ,6 , ,
Bangkok Challenger ,2018-01-07 ,Emil Ruusuvuori ,David O'Hare ,2 ,0 ,6 ,6 , , , ,2 ,4 , , ,
Bangkok Challenger ,2018-01-07 ,Rudolf Molleker ,Ivan Sabanov ,2 ,0 ,6 ,6 , , , ,3 ,2 , , ,
Brisbane International - Brisbane ,2018-01-07 ,Nick Kyrgios ,Ryan Harrison ,2 ,0 ,6 ,6 , , , ,4 ,2 , , ,
Canberra Challenger ,2018-01-07 ,Harry Bourchier ,Jaimee Floyd Angele ,1 ,0 ,6 ,3 , , , ,1 ,1 , , ,
Canberra Challenger ,2018-01-07 ,Nathan Pasha ,Rinky Hijikata ,2 ,1 ,5 ,6 ,6 , , ,7 ,1 ,4 , ,
Canberra Challenger ,2018-01-07 ,Steven De Waard ,James Frawley ,2 ,0 ,6 ,6 , , , ,4 ,3 , , ,
Canberra Challenger ,2018-01-07 ,Brian Tran ,Jake Delaney ,2 ,1 ,7 ,1 ,6 , , ,6 ,6 ,4 , ,
Canberra Challenger ,2018-01-07 ,Thomas Fancutt ,Scott Puodziunas ,2 ,0 ,6 ,6 , , , ,4 ,4 , , ,
Canberra Challenger ,2018-01-07 ,Jeremy Beale ,Tomislav Edward Papac ,2 ,0 ,6 ,6 , , , ,2 ,3 , , ,
Canberra Challenger ,2018-01-07 ,Matthew Christopher Romios ,Jarryd Chaplin ,2 ,0 ,6 ,6 , , , ,1 ,2 , , ,
Canberra Challenger ,2018-01-07 ,Sebastian Korda ,Benard Bruno Nkomba ,2 ,0 ,6 ,6 , , , ,0 ,2 , , ,
China F1 (Anning) ,2018-01-07 ,Ya Hui Nie ,Chuhan Wang ,1 ,0 ,7 ,2 ,4 ,4 , ,6 , ,6 ,3 ,
China F1 (Anning) ,2018-01-07 ,Jun Nan Tao ,Mingyuan Yang ,2 ,0 ,7 ,7 , , , ,5 ,5 , , ,
China F1 (Anning) ,2018-01-07 ,Jianhui Li ,Zhuoyang Qiu ,2 ,0 ,6 ,6 , , , ,2 ,1 , , ,
China F1 (Anning) ,2018-01-07 ,Goran Markovic ,William Ma ,2 ,0 ,6 ,6 , , , ,4 ,1 , , ,
China F1 (Anning) ,2018-01-07 ,Huixin Wang ,Hantao Liu ,2 ,0 ,6 ,6 , , , ,1 ,3 , , ,
China F1 (Anning) ,2018-01-07 ,Shao-Fan Liu ,Naifu Zhang ,2 ,0 ,6 ,6 , , , ,2 ,2 , , ,
China F1 (Anning) ,2018-01-07 ,Zihao Xia ,Runyu Zhao ,2 ,0 ,7 ,6 , , , ,6 ,4 , , ,
China F1 (Anning) ,2018-01-07 ,Bingyu Yu ,Shaoyun Liu ,2 ,1 ,6 ,6 ,6 , , ,7 ,4 ,3 , ,
China F1 (Anning) ,2018-01-07 ,Hu Liu ,Tianjia Guo ,2 ,1 ,5 ,6 ,6 , , ,7 ,0 ,2 , ,
China F1 (Anning) ,2018-01-07 ,Liran Chen ,Xiaoyang Zhang ,2 ,0 ,6 ,6 , , , ,2 ,4 , , ,
China F1 (Anning) ,2018-01-07 ,Nitin Kumar Sinha ,San Wong ,2 ,0 ,6 ,6 , , , ,1 ,2 , , ,
China F1 (Anning) ,2018-01-07 ,Shiyou Liu ,Haitong Xia ,2 ,0 ,6 ,7 , , , ,4 ,6 , , ,
France F1 (Bagnoles-de-l'Orne) ,2018-01-07 ,Paul Cayre ,Louis Gorregues ,2 ,0 ,6 ,6 , , , ,0 ,3 , , ,
France F1 (Bagnoles-de-l'Orne) ,2018-01-07 ,Lucas Bouquet ,Alexis Boureau ,2 ,1 ,4 ,7 ,6 , , ,6 ,5 ,4 , ,
France F1 (Bagnoles-de-l'Orne) ,2018-01-07 ,Benjamin Dhoe ,Alessandro Dragoni ,2 ,1 ,7 ,3 ,6 , , ,5 ,6 ,1 , ,
France F1 (Bagnoles-de-l'Orne) ,2018-01-07 ,Leo Bresson ,Maxime Hamou ,2 ,1 ,6 ,3 ,6 , , ,3 ,6 ,4 , ,
France F1 (Bagnoles-de-l'Orne) ,2018-01-07 ,Paul Valsecchi ,Florian Eysseric ,2 ,0 ,6 ,6 , , , ,2 ,3 , , ,
France F1 (Bagnoles-de-l'Orne) ,2018-01-07 ,Hugo Pontico ,Clement Hamel ,2 ,0 ,6 ,6 , , , ,2 ,1 , , ,
France F1 (Bagnoles-de-l'Orne) ,2018-01-07 ,Nathan Seateun ,Nicolas Teysseyre ,2 ,0 ,6 ,6 , , , ,1 ,1 , , ,
France F1 (Bagnoles-de-l'Orne) ,2018-01-07 ,Julien De Cuyper ,Youlian Iakovlev ,2 ,0 ,6 ,7 , , , ,4 ,5 , , ,
France F1 (Bagnoles-de-l'Orne) ,2018-01-07 ,Rayane Stable ,Yannis Zekri ,2 ,0 ,6 ,6 , , , ,1 ,0 , , ,
France F1 (Bagnoles-de-l'Orne) ,2018-01-07 ,Rayane Stable ,Paul Cayre ,1 ,0 ,3 ,6 ,3 , , ,6 ,4 ,0 , ,
Germany F1 (Schwieberdingen) ,2018-01-07 ,Stefan Seifert ,Albert Sprlak Puk ,2 ,0 ,6 ,6 , , , ,2 ,3 , , ,
Germany F1 (Schwieberdingen) ,2018-01-07 ,Pavle Daljev ,Julian Schoeller ,2 ,0 ,6 ,7 , , , ,3 ,6 , , ,
Germany F1 (Schwieberdingen) ,2018-01-07 ,Moritz Dettinger ,Laurin Aerne ,2 ,0 ,6 ,6 , , , ,3 ,1 , , ,
Germany F1 (Schwieberdingen) ,2018-01-07 ,Nikolas Walterscheid-Tukic ,Alexander Kuerschner ,1 ,0 ,4 ,2 , , , ,6 ,1 , , ,
Germany F1 (Schwieberdingen) ,2018-01-07 ,Marcus Mansson ,Pascal Streit ,2 ,0 ,6 ,6 , , , ,4 ,4 , , ,
Germany F1 (Schwieberdingen) ,2018-01-07 ,David Novotny ,Tillmann Erdbories ,2 ,0 ,7 ,6 , , , ,6 ,3 , , ,
Germany F1 (Schwieberdingen) ,2018-01-07 ,Christian Braun ,Niklas Albuszies ,2 ,0 ,6 ,7 , , , ,3 ,5 , , ,
Germany F1 (Schwieberdingen) ,2018-01-07 ,Torben Steinorth ,Andras Necz ,2 ,0 ,6 ,6 , , , ,1 ,3 , , ,
Germany F1 (Schwieberdingen) ,2018-01-07 ,Tim Heger ,Erwin Troebinger ,2 ,0 ,6 ,6 , , , ,3 ,4 , , ,
Germany F1 (Schwieberdingen) ,2018-01-07 ,Jakob Aichhorn ,James Markiewicz ,2 ,0 ,6 ,6 , , , ,4 ,2 , , ,
Germany F1 (Schwieberdingen) ,2018-01-07 ,Karlo Cubelic ,Hendrik Jebens ,2 ,0 ,7 ,7 , , , ,6 ,6 , , ,
Germany F1 (Schwieberdingen) ,2018-01-07 ,Tobias Brutscher ,Lukas Brandl ,2 ,0 ,6 ,6 , , , ,0 ,2 , , ,
Germany F1 (Schwieberdingen) ,2018-01-07 ,Luka Shane Eble ,Nic Wiedenhorn ,2 ,0 ,7 ,6 , , , ,5 ,3 , , ,
Germany F1 (Schwieberdingen) ,2018-01-07 ,Chris Rodesch ,Bjorn Nareyka ,2 ,1 ,6 ,6 ,6 , , ,7 ,1 ,4 , ,
Germany F1 (Schwieberdingen) ,2018-01-07 ,Jakob Cadonau ,Siim Troost ,2 ,0 ,7 ,7 , , , ,5 ,5 , , ,
Germany F1 (Schwieberdingen) ,2018-01-07 ,Tobias Rief ,Leonardo Chiari ,2 ,0 ,7 ,6 , , , ,5 ,4 , , ,
Playford Challenger ,2018-01-07 ,Jason Murray Kubler ,Brayden Schnur ,2 ,0 ,6 ,6 , , , ,4 ,2 , , ,
Sydney International - Sydney ,2018-01-07 ,Paolo Lorenzi ,Jordan Thompson ,2 ,0 ,7 ,6 , , , ,6 ,4 , , ,
Sydney International - Sydney ,2018-01-07 ,Alexandr Dolgopolov ,Viktor Troicki ,2 ,1 ,6 ,6 ,7 , , ,3 ,7 ,5 , ,
Sydney International - Sydney ,2018-01-07 ,Evgeny Donskoy ,Teimuraz Gabashvili ,1 ,0 ,6 , , , , ,5 , , , ,
Sydney International - Sydney ,2018-01-07 ,Damir Dzumhur ,Jan-Lennard Struff ,2 ,0 ,6 ,6 , , , ,1 ,4 , , ,
Sydney International - Sydney ,2018-01-07 ,Daniil Medvedev ,Vaclav Safranek ,2 ,0 ,6 ,6 , , , ,2 ,4 , , ,
Sydney International - Sydney ,2018-01-07 ,Aleksandar Vukic ,Richard Berankis ,2 ,0 ,7 ,6 , , , ,5 ,2 , , ,
Sydney International - Sydney ,2018-01-07 ,Alexei Popyrin ,Nicolas Mahut ,2 ,1 ,4 ,7 ,6 , , ,6 ,6 ,4 , ,
Tunisia F1 (Hammamet) ,2018-01-07 ,Walter Trusendi ,Danyal Ghani ,2 ,0 ,6 ,6 , , , ,0 ,0 , , ,
Tunisia F1 (Hammamet) ,2018-01-07 ,Miljan Zekic ,Mohamed Nazim Makhlouf ,2 ,0 ,6 ,6 , , , ,2 ,1 , , ,
Tunisia F1 (Hammamet) ,2018-01-07 ,Oscar Mancineiras Cornella ,Mohamed Anouar Braham ,2 ,1 ,6 ,6 ,6 , , ,7 ,3 ,2 , ,
Tunisia F1 (Hammamet) ,2018-01-07 ,Pedro Munafo ,Daiki Kato ,2 ,0 ,6 ,6 , , , ,0 ,3 , , ,
Tunisia F1 (Hammamet) ,2018-01-07 ,Aria Harajchi ,Saif Ali (GBR) ,2 ,0 ,6 ,6 , , , ,1 ,0 , , ,
Tunisia F1 (Hammamet) ,2018-01-07 ,Philipp Schroll ,Rafael Izquierdo Luque ,2 ,0 ,6 ,6 , , , ,4 ,3 , , ,
Tunisia F1 (Hammamet) ,2018-01-07 ,Milos Nikolic ,Athanassios Manekas ,2 ,0 ,7 ,6 , , , ,6 ,2 , , ,
Tunisia F1 (Hammamet) ,2018-01-07 ,Aymen Ikhlef ,Zakaria Ben Brahim ,2 ,1 ,6 ,5 ,6 , , ,1 ,7 ,1 , ,
Tunisia F1 (Hammamet) ,2018-01-07 ,Mathieu Perchicot ,Luka Stojanovic (SRB) ,2 ,0 ,6 ,6 , , , ,1 ,1 , , ,
Tunisia F1 (Hammamet) ,2018-01-07 ,Giuseppe Caparco ,Stefano Battaglino ,2 ,0 ,6 ,7 , , , ,4 ,5 , , ,
Tunisia F1 (Hammamet) ,2018-01-07 ,Nino Portales ,Alessio De Bernardis ,2 ,1 ,6 ,4 ,6 , , ,3 ,6 ,4 , ,
Tunisia F1 (Hammamet) ,2018-01-07 ,Andrea Palmese ,Daniil Testa ,2 ,0 ,7 ,6 , , , ,5 ,1 , , ,
Tunisia F1 (Hammamet) ,2018-01-07 ,Yan Bondarevskiy ,Alexey Dubinin ,2 ,0 ,6 ,6 , , , ,1 ,1 , , ,
Tunisia F1 (Hammamet) ,2018-01-07 ,Skander Ben Abdallah ,Pietro Mugelli ,2 ,1 ,3 ,6 ,6 , , ,6 ,1 ,4 , ,
Tunisia F1 (Hammamet) ,2018-01-07 ,Moritz Trocker ,Stefan Dragovic ,2 ,0 ,7 ,7 , , , ,6 ,5 , , ,
Tunisia F1 (Hammamet) ,2018-01-07 ,Marco Navarra ,Sergey Dorozhkin ,2 ,0 ,6 ,6 , , , ,1 ,4 , , ,
Turkey F1 (Antalya) ,2018-01-07 ,Marc Sieber ,Masayoshi Ono ,2 ,0 ,6 ,6 , , , ,2 ,2 , , ,
Turkey F1 (Antalya) ,2018-01-07 ,Patrick Grigoriu ,Vladislav Melnic ,2 ,1 ,3 ,6 ,6 , , ,6 ,2 ,4 , ,
Turkey F1 (Antalya) ,2018-01-07 ,Kimmer Coppejans ,Dmitry Myagkov ,2 ,0 ,6 ,6 , , , ,1 ,1 , , ,
Turkey F1 (Antalya) ,2018-01-07 ,Julien Eon ,Naoki Takeda ,2 ,0 ,6 ,6 , , , ,2 ,4 , , ,
Turkey F1 (Antalya) ,2018-01-07 ,Mert Naci Turker ,Mario Stino ,2 ,0 ,6 ,6 , , , ,4 ,4 , , ,
Turkey F1 (Antalya) ,2018-01-07 ,Calin Manda ,Christopher Traut ,2 ,0 ,6 ,6 , , , ,3 ,2 , , ,
Turkey F1 (Antalya) ,2018-01-07 ,Tiran Sanghera ,Mert Alkaya ,2 ,0 ,6 ,7 , , , ,2 ,6 , , ,
Turkey F1 (Antalya) ,2018-01-07 ,Darko Bojanovic ,Nikita Valentsev ,2 ,0 ,7 ,6 , , , ,5 ,2 , , ,
Turkey F1 (Antalya) ,2018-01-07 ,Matteo Martineau ,Rimpei Kawakami ,2 ,0 ,6 ,6 , , , ,1 ,1 , , ,
Turkey F1 (Antalya) ,2018-01-07 ,Zizou Bergs ,Nikolaj Katic ,2 ,0 ,6 ,6 , , , ,2 ,1 , , ,
Turkey F1 (Antalya) ,2018-01-07 ,Maxence Beauge ,Tuna Ayman ,2 ,0 ,6 ,6 , , , ,3 ,1 , , ,
Turkey F1 (Antalya) ,2018-01-07 ,Cengiz Aksu ,Alexander Boborykin ,2 ,0 ,6 ,6 , , , ,4 ,2 , , ,
Turkey F1 (Antalya) ,2018-01-07 ,Alen Rogic Hadzalic ,Alexander Pavlioutchenkov ,2 ,0 ,7 ,6 , , , ,5 ,3 , , ,
Turkey F1 (Antalya) ,2018-01-07 ,Ran Amar ,Alexander Erler ,2 ,0 ,7 ,7 , , , ,5 ,5 , , ,
Turkey F1 (Antalya) ,2018-01-07 ,Nikolay Vylegzhanin ,Alexander Jhun ,2 ,0 ,6 ,6 , , , ,1 ,4 , , ,
Turkey F1 (Antalya) ,2018-01-07 ,Ivan Ponomarenko ,Maxim Krapivin ,2 ,0 ,6 ,6 , , , ,2 ,4 , , ,
USA F1 (Los Angeles) ,2018-01-07 ,Karue Sell ,Christopher Eubanks ,2 ,1 ,6 ,6 ,6 , , ,7 ,2 ,2 , ,
USA F2 (Long Beach) ,2018-01-07 ,Emilio Gomez ,Juan Carlos Manuel Aguilar ,2 ,0 ,6 ,6 , , , ,2 ,3 , , ,
USA F2 (Long Beach) ,2018-01-07 ,Filip Bergevi ,Alessandro-Damiano Ventre ,2 ,1 ,4 ,6 ,7 , , ,6 ,4 ,5 , ,
USA F2 (Long Beach) ,2018-01-07 ,Ronnie Schneider ,Joseph Guillin ,2 ,0 ,7 ,6 , , , ,6 ,2 , , ,
USA F2 (Long Beach) ,2018-01-07 ,Jared Hiltzik ,Anders Gibbons ,2 ,0 ,6 ,6 , , , ,1 ,2 , , ,
USA F2 (Long Beach) ,2018-01-07 ,Deiton Baughman ,Stefan Dostanic ,2 ,0 ,6 ,6 , , , ,3 ,4 , , ,
USA F2 (Long Beach) ,2018-01-07 ,Eduardo Nava ,Ace Alexander Christoffer Neumann ,2 ,0 ,6 ,6 , , , ,2 ,0 , , ,
USA F2 (Long Beach) ,2018-01-07 ,Raheel Manji ,Joel William Gamerov ,2 ,0 ,6 ,6 , , , ,2 ,2 , , ,
USA F2 (Long Beach) ,2018-01-07 ,Alexander Cozbinov ,Tristan Boyer ,2 ,1 ,7 ,4 ,6 , , ,6 ,6 ,3 , ,
USA F2 (Long Beach) ,2018-01-07 ,Keivon Tabrizi ,Jens Sweaney ,2 ,0 ,6 ,6 , , , ,1 ,2 , , ,
USA F2 (Long Beach) ,2018-01-07 ,Daniel Cukierman ,Austen Huang ,2 ,1 ,2 ,6 ,6 , , ,6 ,1 ,3 , ,
USA F2 (Long Beach) ,2018-01-07 ,Logan Smith ,Jack Pulliam ,2 ,1 ,6 ,2 ,6 , , ,2 ,6 ,0 , ,
USA F2 (Long Beach) ,2018-01-07 ,Nicholas Borchenko ,Andy Sun ,2 ,0 ,6 ,6 , , , ,3 ,4 , , ,
USA F2 (Long Beach) ,2018-01-07 ,Isaiah Strode ,Thibault Forget ,2 ,0 ,7 ,6 , , , ,5 ,1 , , ,
USA F2 (Long Beach) ,2018-01-07 ,Josh Hagar ,Sean Robles ,2 ,0 ,6 ,6 , , , ,1 ,4 , , ,
USA F2 (Long Beach) ,2018-01-07 ,Gianni Ross ,Cruz Thayne ,2 ,0 ,6 ,6 , , , ,2 ,0 , , ,
USA F2 (Long Beach) ,2018-01-07 ,Zac Brodney ,David Norfeldt ,2 ,0 ,6 ,6 , , , ,2 ,1 , , ,
USA F2 (Long Beach) ,2018-01-07 ,Mateusz Smolicki ,Alafia Ayeni ,2 ,1 ,7 ,4 ,6 , , ,6 ,6 ,3 , ,
USA F2 (Long Beach) ,2018-01-07 ,Jenson Brooksby ,Jake Devine ,2 ,0 ,6 ,6 , , , ,4 ,2 , , ,
USA F2 (Long Beach) ,2018-01-07 ,Rajko Mladenovic ,Gabriel Sanchez ,2 ,0 ,6 ,6 , , , ,2 ,3 , , ,
USA F2 (Long Beach) ,2018-01-07 ,Laurens Verboven ,Chase Masciorini ,2 ,0 ,6 ,6 , , , ,2 ,0 , , ,
USA F2 (Long Beach) ,2018-01-07 ,Patrick Kypson ,Anders Arenfeldt Holm ,2 ,1 ,4 ,6 ,6 , , ,6 ,3 ,2 , ,
USA F2 (Long Beach) ,2018-01-07 ,Matthew Tsolakyan ,Sebastian Zapata Ramirez ,2 ,0 ,6 ,6 , , , ,1 ,1 , , ,
USA F2 (Long Beach) ,2018-01-07 ,Govind Nanda ,Kento Perera ,2 ,1 ,4 ,6 ,6 , , ,6 ,2 ,1 , ,
USA F2 (Long Beach) ,2018-01-07 ,August Holmgren ,Victor Krustev ,2 ,0 ,7 ,6 , , , ,5 ,3 , , ,
USA F2 (Long Beach) ,2018-01-07 ,Alastair Gray ,Jesse Ross ,2 ,0 ,6 ,6 , , , ,1 ,1 , , ,
USA F2 (Long Beach) ,2018-01-07 ,Perry Gregg ,Wally Thayne ,2 ,0 ,6 ,7 , , , ,2 ,5 , , ,
USA F2 (Long Beach) ,2018-01-07 ,Brandon Nakashima ,Kelly Dickson ,2 ,0 ,6 ,6 , , , ,1 ,1 , , ,
USA F2 (Long Beach) ,2018-01-07 ,Alec Zirkelbach ,Alan Chang ,2 ,0 ,6 ,6 , , , ,2 ,1 , , ,
USA F2 (Long Beach) ,2018-01-07 ,Alexander Lebedev ,Reese Stalder ,2 ,0 ,7 ,6 , , , ,6 ,3 , , ,
USA F2 (Long Beach) ,2018-01-07 ,Julian Noah Steinhausen ,Andy Chang ,2 ,0 ,6 ,6 , , , ,2 ,0 , , ,
USA F2 (Long Beach) ,2018-01-07 ,Michael Hopkinson ,Joseph Emerson ,2 ,1 ,6 ,6 ,6 , , ,7 ,3 ,2 , ,
USA F2 (Long Beach) ,2018-01-07 ,Eric Hahn ,Yaseen Elhalafawy ,2 ,0 ,6 ,6 , , , ,0 ,2 , , ,
USA F3 (Naples) ,2018-01-07 ,Mark Oljaca ,Jonathan Sorbo ,2 ,0 ,6 ,6 , , , ,1 ,3 , , ,
USA F3 (Naples) ,2018-01-07 ,Mauricio Resendiz Dominguez ,Ritik Sundaram ,2 ,1 ,6 ,2 ,6 , , ,1 ,6 ,3 , ,
USA F3 (Naples) ,2018-01-07 ,Skander Mansouri ,Sultan Narbekov ,1 ,0 ,6 ,3 , , , ,3 ,0 , , ,
USA F3 (Naples) ,2018-01-07 ,Petros Chrysochos ,Pedro Wagner ,2 ,0 ,6 ,6 , , , ,4 ,0 , , ,
USA F3 (Naples) ,2018-01-07 ,Juan Rocha ,Brian Bencic ,2 ,0 ,6 ,6 , , , ,1 ,4 , , ,
USA F3 (Naples) ,2018-01-07 ,Samuel Shropshire ,Coy Simon ,2 ,0 ,6 ,6 , , , ,1 ,1 , , ,
USA F3 (Naples) ,2018-01-07 ,Justin Butsch ,Ricardo David Mayagoitia ,2 ,0 ,7 ,6 , , , ,6 ,4 , , ,
USA F3 (Naples) ,2018-01-07 ,Julian Bradley ,Mark Chepurnoy ,2 ,0 ,6 ,6 , , , ,4 ,2 , , ,
USA F3 (Naples) ,2018-01-07 ,Strong Kirchheimer ,Pietro Rimondini ,2 ,0 ,6 ,6 , , , ,1 ,2 , , ,
USA F3 (Naples) ,2018-01-07 ,Alan Gadjiev ,Andrew Heller ,2 ,0 ,6 ,6 , , , ,4 ,2 , , ,
USA F3 (Naples) ,2018-01-07 ,Grigoriy Lomakin ,Ryan Alexander Mueller ,2 ,0 ,6 ,6 , , , ,2 ,2 , , ,
USA F3 (Naples) ,2018-01-07 ,Trent Bryde ,Fabio Costa ,2 ,0 ,7 ,6 , , , ,6 ,2 , , ,
USA F3 (Naples) ,2018-01-07 ,Elliott Orkin ,Yeudy Villar ,2 ,0 ,6 ,6 , , , ,3 ,0 , , ,
USA F3 (Naples) ,2018-01-07 ,Nicolas Uryson ,Nikolas Tvedt ,2 ,0 ,6 ,6 , , , ,1 ,2 , , ,
USA F3 (Naples) ,2018-01-07 ,Arturo Schmidt ,Antoine Sanchez ,2 ,1 ,6 ,4 ,6 , , ,2 ,6 ,3 , ,
USA F3 (Naples) ,2018-01-07 ,Cesar Antonio Gomez Diaz ,Joshua Miller (USA) ,2 ,0 ,6 ,6 , , , ,4 ,4 , , ,
USA F3 (Naples) ,2018-01-07 ,Christian Seraphim ,Jordan Nickerson ,2 ,0 ,6 ,6 , , , ,3 ,1 , , ,
USA F3 (Naples) ,2018-01-07 ,Jordan Parker ,Zandrix Acob ,2 ,1 ,3 ,6 ,7 , , ,6 ,2 ,5 , ,
USA F3 (Naples) ,2018-01-07 ,Boris Kozlov ,Mikael Rodriguez ,2 ,0 ,6 ,6 , , , ,1 ,4 , , ,
USA F3 (Naples) ,2018-01-07 ,Alexander Knight ,William Priddy ,2 ,0 ,6 ,6 , , , ,0 ,0 , , ,
USA F3 (Naples) ,2018-01-07 ,Aleksandar Kovacevic ,Ivan Yatsuk ,2 ,0 ,6 ,6 , , , ,2 ,4 , , ,
USA F3 (Naples) ,2018-01-07 ,Alexander Brown ,Ricardo Rojas ,2 ,0 ,6 ,6 , , , ,0 ,1 , , ,
USA F3 (Naples) ,2018-01-07 ,Rowland Phillips ,Gabriel Daldegan Ferreira ,2 ,0 ,7 ,6 , , , ,6 ,0 , , ,
USA F3 (Naples) ,2018-01-07 ,Evan Bynoe ,Verdine Browne ,2 ,0 ,6 ,6 , , , ,2 ,0 , , ,
USA F3 (Naples) ,2018-01-07 ,Garrett Johns ,Max Hartenstein ,2 ,1 ,6 ,5 ,6 , , ,3 ,7 ,3 , ,
USA F3 (Naples) ,2018-01-07 ,Tristan Mccormick ,Richard Torres ,2 ,0 ,6 ,6 , , , ,2 ,4 , , ,
USA F3 (Naples) ,2018-01-07 ,Juan Hernandez Serrano ,Gabriel Ciro Da Silva ,2 ,1 ,6 ,4 ,6 , , ,1 ,6 ,1 , ,
USA F3 (Naples) ,2018-01-07 ,Marcelo Sepulveda ,Malik Bhatnagar ,2 ,1 ,4 ,6 ,7 , , ,6 ,4 ,6 , ,
USA F3 (Naples) ,2018-01-07 ,Sebastian Murillo ,Luis Andres Platas ,2 ,0 ,6 ,6 , , , ,0 ,0 , , ,
USA F3 (Naples) ,2018-01-07 ,Samuel Rubell ,Emmanuel Vacalares ,2 ,0 ,6 ,6 , , , ,2 ,2 , , ,
USA F3 (Naples) ,2018-01-07 ,Ronan Jachuck ,Sagadat Ayap ,2 ,1 ,6 ,5 ,6 , , ,1 ,7 ,3 , ,
Brisbane International - Brisbane ,2018-01-07 ,Henri Kontinen/John Peers ,Leonardo Mayer/Horacio Zeballos ,2 ,1 ,3 ,6 ,1 , , ,6 ,3 ,2 , ,
ASB Classic - Auckland ,2018-01-08 ,David Ferrer ,Yibing Wu ,2 ,0 ,7 ,6 , , , ,6 ,4 , , ,
ASB Classic - Auckland ,2018-01-08 ,Roberto Bautista Agut ,Michael Venus ,2 ,0 ,6 ,6 , , , ,2 ,1 , , ,
ASB Classic - Auckland ,2018-01-08 ,Joao Sousa ,Donald Young ,2 ,1 ,6 ,6 ,6 , , ,7 ,4 ,2 , ,
ASB Classic - Auckland ,2018-01-08 ,Karen Khachanov ,Yuichi Sugita ,2 ,1 ,6 ,3 ,6 , , ,1 ,6 ,4 , ,
ASB Classic - Auckland ,2018-01-08 ,Denis Shapovalov ,Rogerio Dutra Da Silva ,2 ,0 ,6 ,6 , , , ,3 ,2 , , ,
Bangkok Challenger ,2018-01-08 ,Frederik Nielsen ,Lukas Ollert ,2 ,1 ,5 ,7 ,6 , , ,7 ,5 ,4 , ,
Bangkok Challenger ,2018-01-08 ,Gerard Granollers ,Steven Diez ,2 ,0 ,7 ,6 , , , ,6 ,4 , , ,
Bangkok Challenger ,2018-01-08 ,Marsel Ilhan ,Kento Takeuchi ,2 ,0 ,6 ,6 , , , ,1 ,2 , , ,
Bangkok Challenger ,2018-01-08 ,Yuuya Kibi ,Daniiar Duldaev ,2 ,0 ,6 ,6 , , , ,2 ,2 , , ,
Bangkok Challenger ,2018-01-08 ,Evgeny Karlovskiy ,Dominik Koepfer ,2 ,0 ,6 ,7 , , , ,2 ,5 , , ,
Bangkok Challenger ,2018-01-08 ,Sidharth Rawat ,Timur Khabibulin ,1 ,0 ,2 ,7 ,5 ,4 , ,6 ,6 , ,4 ,
Bangkok Challenger ,2018-01-08 ,Pruchya Isarow ,Thanapet Chanta ,2 ,0 ,6 ,6 , , , ,0 ,2 , , ,
Bangkok Challenger ,2018-01-08 ,Bernabe Zapata Miralles ,Ivan Nedelko ,2 ,1 ,5 ,6 ,7 , , ,7 ,2 ,5 , ,
Bangkok Challenger ,2018-01-08 ,Emil Ruusuvuori ,Rudolf Molleker ,2 ,1 ,6 ,0 ,6 , , ,3 ,6 ,4 , ,
Canberra Challenger ,2018-01-08 ,Andreas Seppi ,Maximilian Marterer ,2 ,1 ,3 ,6 ,7 , , ,6 ,3 ,6 , ,
Canberra Challenger ,2018-01-08 ,Florian Mayer ,Yosuke Watanuki ,2 ,1 ,5 ,6 ,6 , , ,7 ,1 ,4 , ,
Canberra Challenger ,2018-01-08 ,Victor Estrella ,Luke Saville ,2 ,0 ,6 ,6 , , , ,3 ,3 , , ,
Canberra Challenger ,2018-01-08 ,Marton Fucsovics ,Malek Jaziri ,1 ,0 ,6 ,5 , , , ,2 ,1 , , ,
Canberra Challenger ,2018-01-08 ,Benjamin Mitchell ,Dane Propoggia ,2 ,1 ,3 ,6 ,6 , , ,6 ,3 ,1 , ,
Canberra Challenger ,2018-01-08 ,Harry Bourchier ,Steven De Waard ,2 ,1 ,3 ,6 ,7 , , ,6 ,4 ,6 , ,
Canberra Challenger ,2018-01-08 ,Nathan Pasha ,Brian Tran ,2 ,0 ,6 ,6 , , , ,3 ,4 , , ,
Canberra Challenger ,2018-01-08 ,Nicolas Jarry ,Corentin Moutet ,2 ,0 ,7 ,6 , , , ,6 ,3 , , ,
Canberra Challenger ,2018-01-08 ,Maxime Janvier ,Laslo Djere ,2 ,1 ,3 ,7 ,6 , , ,6 ,5 ,2 , ,
Canberra Challenger ,2018-01-08 ,Thomas Fancutt ,Matthew Christopher Romios ,2 ,0 ,6 ,6 , , , ,4 ,4 , , ,
Canberra Challenger ,2018-01-08 ,Jeremy Beale ,Sebastian Korda ,2 ,0 ,6 ,7 , , , ,3 ,6 , , ,
China F1 (Anning) ,2018-01-08 ,Yan Bai ,Yu Hsiang Chiu ,2 ,0 ,6 ,6 , , , ,1 ,3 , , ,
China F1 (Anning) ,2018-01-08 ,Seong-Gook Oh ,Yuanfeng Li ,2 ,0 ,7 ,6 , , , ,6 ,2 , , ,
China F1 (Anning) ,2018-01-08 ,Jianhui Li ,Shiyou Liu ,2 ,0 ,6 ,6 , , , ,3 ,0 , , ,
China F1 (Anning) ,2018-01-08 ,Huixin Wang ,Bingyu Yu ,2 ,1 ,6 ,6 ,6 , , ,1 ,7 ,3 , ,
China F1 (Anning) ,2018-01-08 ,Kuan-Yi Lee ,Ruikai Wang ,2 ,0 ,6 ,6 , , , ,4 ,1 , , ,
China F1 (Anning) ,2018-01-08 ,Liran Chen ,Hu Liu ,2 ,0 ,6 ,6 , , , ,3 ,1 , , ,
China F1 (Anning) ,2018-01-08 ,Nitin Kumar Sinha ,Jun Nan Tao ,2 ,0 ,6 ,6 , , , ,2 ,2 , , ,
China F1 (Anning) ,2018-01-08 ,Chukang Wang ,Sang-Woo Noh ,2 ,0 ,7 ,7 , , , ,6 ,5 , , ,
China F1 (Anning) ,2018-01-08 ,Jie Cui ,Rui-Xuan Wang ,2 ,0 ,6 ,6 , , , ,2 ,1 , , ,
France F1 (Bagnoles-de-l'Orne) ,2018-01-08 ,Jules Marie ,Pavel Filin ,2 ,0 ,6 ,7 , , , ,1 ,5 , , ,
France F1 (Bagnoles-de-l'Orne) ,2018-01-08 ,Constant Lestienne ,Romain Arneodo ,2 ,1 ,6 ,6 ,6 , , ,7 ,2 ,3 , ,
France F1 (Bagnoles-de-l'Orne) ,2018-01-08 ,Tom Jomby ,Nathan Seateun ,2 ,1 ,1 ,7 ,6 , , ,6 ,6 ,4 , ,
France F1 (Bagnoles-de-l'Orne) ,2018-01-08 ,Gregoire Barrere ,Hugo Pontico ,2 ,0 ,6 ,6 , , , ,3 ,1 , , ,
France F1 (Bagnoles-de-l'Orne) ,2018-01-08 ,Paul Valsecchi ,Vadym Ursu ,2 ,0 ,6 ,6 , , , ,1 ,3 , , ,
France F1 (Bagnoles-de-l'Orne) ,2018-01-08 ,Louis Dussin ,Rayane Stable ,2 ,0 ,6 ,6 , , , ,4 ,3 , , ,
France F1 (Bagnoles-de-l'Orne) ,2018-01-08 ,Julien De Cuyper ,Quentin Folliot ,2 ,0 ,6 ,6 , , , ,2 ,4 , , ,
Germany F1 (Schwieberdingen) ,2018-01-08 ,Stefan Seifert ,Robin Lang ,2 ,0 ,7 ,6 , , , ,6 ,4 , , ,
Germany F1 (Schwieberdingen) ,2018-01-08 ,Stefan Seifert ,Antoine Walch ,2 ,0 ,6 ,6 , , , ,4 ,1 , , ,
Germany F1 (Schwieberdingen) ,2018-01-08 ,Nikolas Walterscheid-Tukic ,Grzegorz Panfil ,2 ,0 ,7 ,6 , , , ,6 ,2 , , ,
Germany F1 (Schwieberdingen) ,2018-01-08 ,Marko Osmakcic ,Tobias Rief ,2 ,0 ,6 ,6 , , , ,2 ,1 , , ,
Germany F1 (Schwieberdingen) ,2018-01-08 ,Marcus Mansson ,Charly Zick ,2 ,0 ,6 ,6 , , , ,4 ,0 , , ,
Germany F1 (Schwieberdingen) ,2018-01-08 ,David Novotny ,Jordi Walder ,2 ,0 ,6 ,6 , , , ,2 ,2 , , ,
Germany F1 (Schwieberdingen) ,2018-01-08 ,Kai Wehnelt ,Torben Steinorth ,2 ,0 ,6 ,6 , , , ,1 ,1 , , ,
Germany F1 (Schwieberdingen) ,2018-01-08 ,Leon Hoeveler ,Tobias Brutscher ,2 ,0 ,6 ,6 , , , ,2 ,1 , , ,
Germany F1 (Schwieberdingen) ,2018-01-08 ,Robin Lang ,Christian Braun ,2 ,0 ,6 ,6 , , , ,3 ,4 , , ,
Germany F1 (Schwieberdingen) ,2018-01-08 ,Mick Veldheer ,Pavle Daljev ,2 ,0 ,6 ,6 , , , ,4 ,4 , , ,
Germany F1 (Schwieberdingen) ,2018-01-08 ,Mick Veldheer ,David Novotny ,2 ,1 ,7 ,4 ,6 , , ,5 ,6 ,1 , ,
Germany F1 (Schwieberdingen) ,2018-01-08 ,Philipp Klimov ,Luka Shane Eble ,2 ,0 ,6 ,6 , , , ,1 ,4 , , ,
Germany F1 (Schwieberdingen) ,2018-01-08 ,Dan Added ,Philipp Klimov ,2 ,1 ,6 ,6 ,6 , , ,7 ,4 ,3 , ,
Germany F1 (Schwieberdingen) ,2018-01-08 ,Dan Added ,Moritz Dettinger ,2 ,0 ,7 ,6 , , , ,6 ,4 , , ,
Germany F1 (Schwieberdingen) ,2018-01-08 ,Jakob Aichhorn ,Jonathan Chang ,2 ,0 ,6 ,6 , , , ,2 ,3 , , ,
Germany F1 (Schwieberdingen) ,2018-01-08 ,Jakob Aichhorn ,Leon Hoeveler ,2 ,0 ,6 ,6 , , , ,3 ,0 , , ,
Germany F1 (Schwieberdingen) ,2018-01-08 ,Karlo Cubelic ,Gabriel Schmidt ,2 ,0 ,7 ,6 , , , ,5 ,3 , , ,
Germany F1 (Schwieberdingen) ,2018-01-08 ,Niklas Schell ,Nikolas Walterscheid-Tukic ,2 ,0 ,6 ,6 , , , ,1 ,0 , , ,
Germany F1 (Schwieberdingen) ,2018-01-08 ,Niklas Schell ,Chris Rodesch ,2 ,0 ,6 ,6 , , , ,3 ,3 , , ,
Germany F1 (Schwieberdingen) ,2018-01-08 ,Kai Lemstra ,Karlo Cubelic ,2 ,1 ,4 ,6 ,6 , , ,6 ,2 ,4 , ,
Germany F1 (Schwieberdingen) ,2018-01-08 ,Kai Lemstra ,Tim Heger ,2 ,0 ,6 ,6 , , , ,4 ,4 , , ,
Germany F1 (Schwieberdingen) ,2018-01-08 ,Jakob Cadonau ,Mike Loccisano ,2 ,1 ,6 ,7 ,6 , , ,7 ,5 ,4 , ,
Sydney International - Sydney ,2018-01-08 ,Adrian Mannarino ,Evgeny Donskoy ,2 ,1 ,5 ,7 ,6 , , ,7 ,5 ,4 , ,
Sydney International - Sydney ,2018-01-08 ,John Millman ,Alexei Popyrin ,2 ,0 ,7 ,6 , , , ,6 ,0 , , ,
Sydney International - Sydney ,2018-01-08 ,Richard Berankis ,Alex Bolt ,2 ,1 ,5 ,7 ,6 , , ,7 ,5 ,4 , ,
Sydney International - Sydney ,2018-01-08 ,Daniil Medvedev ,Philipp Kohlschreiber ,2 ,0 ,6 ,6 , , , ,2 ,3 , , ,
Tunisia F1 (Hammamet) ,2018-01-08 ,Walter Trusendi ,Skander Ben Abdallah ,2 ,0 ,6 ,6 , , , ,3 ,0 , , ,
Tunisia F1 (Hammamet) ,2018-01-08 ,Miljan Zekic ,Andrea Palmese ,2 ,0 ,6 ,6 , , , ,0 ,2 , , ,
Tunisia F1 (Hammamet) ,2018-01-08 ,Philipp Schroll ,Pedro Munafo ,2 ,0 ,6 ,6 , , , ,3 ,2 , , ,
Tunisia F1 (Hammamet) ,2018-01-08 ,Nino Portales ,Marco Navarra ,2 ,0 ,6 ,6 , , , ,1 ,1 , , ,
Tunisia F1 (Hammamet) ,2018-01-08 ,Yan Bondarevskiy ,Oscar Mancineiras Cornella ,1 ,0 ,w , , , , , , , , ,
Tunisia F1 (Hammamet) ,2018-01-08 ,Moritz Trocker ,Aymen Ikhlef ,2 ,0 ,7 ,6 , , , ,6 ,0 , , ,
Turkey F1 (Antalya) ,2018-01-08 ,Marc Sieber ,Darko Bojanovic ,2 ,0 ,6 ,6 , , , ,1 ,0 , , ,
Turkey F1 (Antalya) ,2018-01-08 ,Patrick Grigoriu ,Ran Amar ,2 ,0 ,6 ,6 , , , ,0 ,4 , , ,
Turkey F1 (Antalya) ,2018-01-08 ,Kimmer Coppejans ,Alen Rogic Hadzalic ,2 ,0 ,6 ,6 , , , ,0 ,1 , , ,
Turkey F1 (Antalya) ,2018-01-08 ,Julien Eon ,Mert Naci Turker ,2 ,0 ,6 ,6 , , , ,1 ,3 , , ,
Turkey F1 (Antalya) ,2018-01-08 ,Tiran Sanghera ,Maxence Beauge ,2 ,0 ,7 ,6 , , , ,5 ,4 , , ,
Turkey F1 (Antalya) ,2018-01-08 ,Matteo Martineau ,Ivan Ponomarenko ,2 ,0 ,6 ,6 , , , ,2 ,2 , , ,
Turkey F1 (Antalya) ,2018-01-08 ,Zizou Bergs ,Nikolay Vylegzhanin ,2 ,0 ,6 ,6 , , , ,2 ,1 , , ,
Turkey F1 (Antalya) ,2018-01-08 ,Cengiz Aksu ,Calin Manda ,2 ,1 ,6 ,3 ,6 , , ,4 ,6 ,2 , ,
USA F2 (Long Beach) ,2018-01-08 ,Emilio Gomez ,Laurens Verboven ,2 ,1 ,6 ,6 ,6 , , ,7 ,4 ,4 , ,
USA F2 (Long Beach) ,2018-01-08 ,Filip Bergevi ,Rajko Mladenovic ,2 ,0 ,6 ,6 , , , ,2 ,1 , , ,
USA F2 (Long Beach) ,2018-01-08 ,Ronnie Schneider ,Michael Hopkinson ,2 ,0 ,6 ,6 , , , ,0 ,1 , , ,
USA F2 (Long Beach) ,2018-01-08 ,Deiton Baughman ,Eduardo Nava ,2 ,0 ,6 ,6 , , , ,2 ,0 , , ,
USA F2 (Long Beach) ,2018-01-08 ,Daniel Cukierman ,Jared Hiltzik ,2 ,0 ,6 ,6 , , , ,2 ,4 , , ,
USA F2 (Long Beach) ,2018-01-08 ,Logan Smith ,Nicholas Borchenko ,2 ,0 ,6 ,6 , , , ,3 ,4 , , ,
USA F2 (Long Beach) ,2018-01-08 ,Isaiah Strode ,Julian Noah Steinhausen ,2 ,0 ,6 ,6 , , , ,2 ,2 , , ,
USA F2 (Long Beach) ,2018-01-08 ,Josh Hagar ,Perry Gregg ,2 ,0 ,6 ,6 , , , ,2 ,4 , , ,
USA F2 (Long Beach) ,2018-01-08 ,Gianni Ross ,Keivon Tabrizi ,2 ,1 ,1 ,7 ,6 , , ,6 ,6 ,3 , ,
USA F2 (Long Beach) ,2018-01-08 ,Mateusz Smolicki ,Eric Hahn ,2 ,0 ,7 ,6 , , , ,5 ,3 , , ,
USA F2 (Long Beach) ,2018-01-08 ,Jenson Brooksby ,Alec Zirkelbach ,2 ,0 ,6 ,6 , , , ,1 ,0 , , ,
USA F2 (Long Beach) ,2018-01-08 ,Patrick Kypson ,Alexander Cozbinov ,2 ,1 ,6 ,4 ,6 , , ,4 ,6 ,4 , ,
USA F2 (Long Beach) ,2018-01-08 ,Matthew Tsolakyan ,Zac Brodney ,2 ,0 ,6 ,6 , , , ,4 ,4 , , ,
USA F2 (Long Beach) ,2018-01-08 ,Alastair Gray ,Raheel Manji ,2 ,1 ,6 ,2 ,6 , , ,1 ,6 ,3 , ,
USA F2 (Long Beach) ,2018-01-08 ,Brandon Nakashima ,August Holmgren ,2 ,0 ,6 ,6 , , , ,3 ,2 , , ,
USA F2 (Long Beach) ,2018-01-08 ,Alexander Lebedev ,Govind Nanda ,2 ,0 ,7 ,6 , , , ,5 ,3 , , ,
USA F3 (Naples) ,2018-01-08 ,Mark Oljaca ,Jordan Parker ,2 ,0 ,6 ,7 , , , ,3 ,6 , , ,
USA F3 (Naples) ,2018-01-08 ,Skander Mansouri ,Grigoriy Lomakin ,2 ,0 ,6 ,6 , , , ,3 ,1 , , ,
USA F3 (Naples) ,2018-01-08 ,Petros Chrysochos ,Tristan Mccormick ,2 ,0 ,7 ,6 , , , ,6 ,1 , , ,
USA F3 (Naples) ,2018-01-08 ,Juan Rocha ,Joseph W. Van Meter ,2 ,0 ,6 ,6 , , , ,2 ,4 , , ,
USA F3 (Naples) ,2018-01-08 ,Samuel Shropshire ,Samuel Rubell ,2 ,1 ,6 ,4 ,6 , , ,2 ,6 ,1 , ,
USA F3 (Naples) ,2018-01-08 ,Justin Butsch ,Christian Seraphim ,2 ,0 ,6 ,6 , , , ,1 ,4 , , ,
USA F3 (Naples) ,2018-01-08 ,Julian Bradley ,Ronan Jachuck ,2 ,1 ,6 ,1 ,6 , , ,3 ,6 ,3 , ,
USA F3 (Naples) ,2018-01-08 ,Strong Kirchheimer ,Aleksandar Kovacevic ,2 ,0 ,6 ,6 , , , ,4 ,4 , , ,
USA F3 (Naples) ,2018-01-08 ,Trent Bryde ,Marcelo Sepulveda ,2 ,0 ,6 ,7 , , , ,4 ,5 , , ,
USA F3 (Naples) ,2018-01-08 ,Elliott Orkin ,Mauricio Resendiz Dominguez ,2 ,0 ,6 ,6 , , , ,3 ,2 , , ,
USA F3 (Naples) ,2018-01-08 ,Nicolas Uryson ,Arturo Schmidt ,2 ,1 ,4 ,6 ,6 , , ,6 ,4 ,1 , ,
USA F3 (Naples) ,2018-01-08 ,Alexander Knight ,Alan Gadjiev ,1 ,0 ,6 ,2 , , , ,4 ,0 , , ,
USA F3 (Naples) ,2018-01-08 ,Alexander Brown ,Garrett Johns ,2 ,1 ,7 ,4 ,7 , , ,6 ,6 ,6 , ,
USA F3 (Naples) ,2018-01-08 ,Rowland Phillips ,Sebastian Murillo ,2 ,0 ,7 ,6 , , , ,6 ,2 , , ,
USA F3 (Naples) ,2018-01-08 ,Evan Bynoe ,Boris Kozlov ,2 ,0 ,6 ,6 , , , ,4 ,4 , , ,
USA F3 (Naples) ,2018-01-08 ,Juan Hernandez Serrano ,Cesar Antonio Gomez Diaz ,2 ,0 ,6 ,6 , , , ,4 ,2 , , ,
ASB Classic - Auckland ,2018-01-08 ,Santiago Gonzalez/Julio Peralta ,Marcelo Demoliner/Treat Conrad Huey ,2 ,0 ,6 ,6 , , , ,3 ,4 , , ,
Bangkok Challenger ,2018-01-08 ,Cheng-Peng Hsieh/Tsung-Hua Yang ,Ivan Sabanov/Matej Sabanov ,2 ,1 ,3 ,6 ,1 , , ,6 ,3 ,9 , ,
Bangkok Challenger ,2018-01-08 ,James Cerretani/Joe Salisbury ,Phassawit Burapharitta/Chayanon Kaewsuto ,2 ,0 ,7 ,6 , , , ,5 ,1 , , ,
Canberra Challenger ,2018-01-08 ,Hans Podlipnik-Castillo/Andrei Vasilevski ,Elliot Benchetrit/Geoffrey Blancaneaux ,2 ,0 ,7 ,6 , , , ,6 ,3 , , ,
Canberra Challenger ,2018-01-08 ,Hugo Grenier/Maxime Janvier ,Nathaniel Lammons/Alex Lawson ,2 ,0 ,7 ,6 , , , ,6 ,4 , , ,
Sydney International - Sydney ,2018-01-08 ,Jean-Julien Rojer/Horia Tecau ,Paolo Lorenzi/Mischa Zverev ,2 ,0 ,7 ,6 , , , ,6 ,4 , , ,
Sydney International - Sydney ,2018-01-08 ,Alex Bolt/Jordan Thompson ,Feliciano Lopez/Marc Lopez ,2 ,0 ,6 ,6 , , , ,1 ,3 , , ,
Sydney International - Sydney ,2018-01-08 ,Lukasz Kubot/Marcelo Melo ,Florin Mergea/Nenad Zimonjic ,2 ,0 ,7 ,6 , , , ,6 ,3 , , ,
Sydney International - Sydney ,2018-01-08 ,Jan-Lennard Struff/Viktor Troicki ,Fabio Fognini/Rajeev Ram ,2 ,1 ,6 ,5 ,1 , , ,3 ,7 ,7 , ,
ASB Classic - Auckland ,2018-01-09 ,Pablo Cuevas ,Taro Daniel ,2 ,0 ,6 ,6 , , , ,3 ,2 , , ,
ASB Classic - Auckland ,2018-01-09 ,Lukas Lacko ,Stefanos Tsitsipas ,2 ,1 ,6 ,6 ,6 , , ,3 ,7 ,3 , ,
ASB Classic - Auckland ,2018-01-09 ,Robin Haase ,Casper Ruud ,2 ,1 ,0 ,7 ,6 , , ,6 ,6 ,3 , ,
ASB Classic - Auckland ,2018-01-09 ,Peter Gojowczyk ,Tim Smyczek ,2 ,1 ,6 ,4 ,6 , , ,3 ,6 ,3 , ,
ASB Classic - Auckland ,2018-01-09 ,Steve Johnson ,Liam Caruana ,2 ,0 ,7 ,7 , , , ,5 ,6 , , ,
ASB Classic - Auckland ,2018-01-09 ,Jiri Vesely ,Radu Albot ,2 ,1 ,3 ,6 ,7 , , ,6 ,1 ,6 , ,
ASB Classic - Auckland ,2018-01-09 ,Hyeon Chung ,Tennys Sandgren ,2 ,1 ,6 ,5 ,6 , , ,3 ,7 ,3 , ,
Bangkok Challenger ,2018-01-09 ,Frederik Nielsen ,Tsung-Hua Yang ,2 ,0 ,6 ,6 , , , ,4 ,3 , , ,
Bangkok Challenger ,2018-01-09 ,Marcel Granollers ,Pol Wattanakul ,2 ,0 ,6 ,6 , , , ,2 ,0 , , ,
Bangkok Challenger ,2018-01-09 ,Flavio Cipolla ,Benjamin Lock ,2 ,0 ,6 ,6 , , , ,4 ,2 , , ,
Bangkok Challenger ,2018-01-09 ,Matteo Viola ,Nino Serdarusic ,2 ,0 ,6 ,6 , , , ,3 ,2 , , ,
Bangkok Challenger ,2018-01-09 ,Alessandro Bega ,Congsup Congcar ,2 ,0 ,7 ,6 , , , ,5 ,4 , , ,
Bangkok Challenger ,2018-01-09 ,Mats Moraing ,Yuuya Kibi ,2 ,0 ,6 ,6 , , , ,2 ,2 , , ,
Bangkok Challenger ,2018-01-09 ,Enrique Lopez-Perez ,Ti Chen ,2 ,0 ,6 ,6 , , , ,2 ,3 , , ,
Bangkok Challenger ,2018-01-09 ,Wishaya Trongcharoenchaikul ,Sidharth Rawat ,2 ,0 ,7 ,6 , , , ,6 ,3 , , ,
Bangkok Challenger ,2018-01-09 ,Pedro Martinez Portero ,Guillermo Olaso ,2 ,0 ,6 ,6 , , , ,4 ,4 , , ,
Bangkok Challenger ,2018-01-09 ,Yusuke Takahashi ,Sasi Kumar Mukund ,2 ,1 ,6 ,5 ,6 , , ,2 ,7 ,0 , ,
Bangkok Challenger ,2018-01-09 ,Emil Ruusuvuori ,Yannick Mertens ,2 ,1 ,6 ,3 ,7 , , ,4 ,6 ,5 , ,
Canberra Challenger ,2018-01-09 ,Guillermo Garcia-Lopez ,Sekou Bangoura ,2 ,0 ,6 ,6 , , , ,3 ,4 , , ,
Canberra Challenger ,2018-01-09 ,Zhe Li ,Harry Bourchier ,2 ,0 ,6 ,6 , , , ,2 ,4 , , ,
Canberra Challenger ,2018-01-09 ,Tim Puetz ,Soon-Woo Kwon ,2 ,1 ,5 ,7 ,6 , , ,7 ,6 ,4 , ,
Canberra Challenger ,2018-01-09 ,Nathan Pasha ,Thomas Fancutt ,2 ,1 ,6 ,2 ,7 , , ,4 ,6 ,6 , ,
Canberra Challenger ,2018-01-09 ,Andrew Harris ,Gavin Van Peperzeel ,2 ,0 ,6 ,6 , , , ,2 ,1 , , ,
Canberra Challenger ,2018-01-09 ,Elliot Benchetrit ,Nicolas Kicker ,2 ,0 ,6 ,7 , , , ,4 ,5 , , ,
Canberra Challenger ,2018-01-09 ,Jeremy Beale ,Mikhail Kukushkin ,1 ,0 ,7 ,2 , , , ,6 , , , ,
Canberra Challenger ,2018-01-09 ,Geoffrey Blancaneaux ,Alexander Crnokrak ,2 ,0 ,6 ,6 , , , ,1 ,2 , , ,
China F1 (Anning) ,2018-01-09 ,Florent Diep ,Xiaoyu He ,2 ,0 ,6 ,6 , , , ,2 ,0 , , ,
China F1 (Anning) ,2018-01-09 ,Martins Podzus ,Ya Hui Nie ,2 ,0 ,6 ,6 , , , ,1 ,1 , , ,
China F1 (Anning) ,2018-01-09 ,Issei Okamura ,Lingxi Zhao ,2 ,1 ,3 ,6 ,6 , , ,6 ,3 ,4 , ,
China F1 (Anning) ,2018-01-09 ,Goran Markovic ,Nitin Kumar Sinha ,2 ,1 ,7 ,1 ,6 , , ,5 ,6 ,3 , ,
China F1 (Anning) ,2018-01-09 ,Aoran Wang ,Jianhui Li ,2 ,1 ,3 ,6 ,7 , , ,6 ,3 ,6 , ,
China F1 (Anning) ,2018-01-09 ,Ryota Tanuma ,Tyler Lu ,2 ,0 ,6 ,6 , , , ,4 ,3 , , ,
China F1 (Anning) ,2018-01-09 ,Huixin Wang ,Kristian Lozan ,2 ,1 ,1 ,7 ,6 , , ,6 ,5 ,1 , ,
China F1 (Anning) ,2018-01-09 ,Cing-Yang Meng ,Liran Chen ,2 ,1 ,6 ,5 ,6 , , ,2 ,7 ,4 , ,
China F1 (Anning) ,2018-01-09 ,Manish Sureshkumar ,Rhett Purcell ,2 ,1 ,5 ,6 ,7 , , ,7 ,3 ,6 , ,
China F1 (Anning) ,2018-01-09 ,Yuta Shimizu ,Shao-Fan Liu ,2 ,0 ,7 ,6 , , , ,6 ,0 , , ,
China F1 (Anning) ,2018-01-09 ,Shinji Hazawa ,Zihao Xia ,2 ,0 ,6 ,6 , , , ,4 ,3 , , ,
France F1 (Bagnoles-de-l'Orne) ,2018-01-09 ,Niels Desein ,Amaury Delmas ,2 ,1 ,6 ,5 ,6 , , ,4 ,7 ,2 , ,
France F1 (Bagnoles-de-l'Orne) ,2018-01-09 ,Boy Westerhof ,Benjamin Dhoe ,2 ,1 ,4 ,6 ,6 , , ,6 ,2 ,3 , ,
France F1 (Bagnoles-de-l'Orne) ,2018-01-09 ,Laurent Rochette ,Louis Quennessen ,2 ,0 ,7 ,6 , , , ,6 ,2 , , ,
France F1 (Bagnoles-de-l'Orne) ,2018-01-09 ,Alexis Musialek ,Luka Pavlovic ,2 ,0 ,6 ,6 , , , ,4 ,1 , , ,
France F1 (Bagnoles-de-l'Orne) ,2018-01-09 ,Joffrey De Schepper ,Maxime Forcin ,2 ,0 ,7 ,6 , , , ,6 ,4 , , ,
France F1 (Bagnoles-de-l'Orne) ,2018-01-09 ,Gregoire Jacq ,Ronan Joncour ,2 ,0 ,6 ,6 , , , ,2 ,0 , , ,
France F1 (Bagnoles-de-l'Orne) ,2018-01-09 ,Leo Bresson ,Daniil Zarichanskyy ,2 ,0 ,6 ,6 , , , ,1 ,3 , , ,
France F1 (Bagnoles-de-l'Orne) ,2018-01-09 ,Gabriel Petit ,Vladyslav Orlov ,2 ,0 ,6 ,6 , , , ,2 ,3 , , ,
France F1 (Bagnoles-de-l'Orne) ,2018-01-09 ,Alen Avidzba ,Lucas Bouquet ,2 ,1 ,6 ,2 ,6 , , ,4 ,6 ,0 , ,
Germany F1 (Schwieberdingen) ,2018-01-09 ,Maxime Authom ,Gil Uwe Grund ,2 ,0 ,7 ,6 , , , ,5 ,2 , , ,
Germany F1 (Schwieberdingen) ,2018-01-09 ,Tobias Simon ,Neil Pauffley ,2 ,0 ,6 ,6 , , , ,3 ,1 , , ,
Germany F1 (Schwieberdingen) ,2018-01-09 ,Sebastien Boltz ,Albano Olivetti ,2 ,1 ,3 ,7 ,6 , , ,6 ,5 ,3 , ,
Germany F1 (Schwieberdingen) ,2018-01-09 ,Adrian Bodmer ,Florian Fallert ,2 ,1 ,6 ,4 ,6 , , ,3 ,6 ,4 , ,
Germany F1 (Schwieberdingen) ,2018-01-09 ,Christoph Negritu ,Duje Kekez ,2 ,0 ,6 ,6 , , , ,3 ,3 , , ,
Germany F1 (Schwieberdingen) ,2018-01-09 ,Marcus Mansson ,Jakob Cadonau ,2 ,0 ,6 ,6 , , , ,2 ,3 , , ,
Germany F1 (Schwieberdingen) ,2018-01-09 ,Kai Wehnelt ,Marko Osmakcic ,2 ,0 ,6 ,6 , , , ,3 ,2 , , ,
Germany F1 (Schwieberdingen) ,2018-01-09 ,Gijs Brouwer ,Jelle Sels ,2 ,0 ,6 ,6 , , , ,4 ,3 , , ,
Germany F1 (Schwieberdingen) ,2018-01-09 ,Lukas Klein ,Peter Torebko ,2 ,0 ,6 ,6 , , , ,3 ,4 , , ,
Sydney International - Sydney ,2018-01-09 ,Feliciano Lopez ,Aleksandar Vukic ,2 ,1 ,4 ,7 ,6 , , ,6 ,6 ,3 , ,
Sydney International - Sydney ,2018-01-09 ,Leonardo Mayer ,Mischa Zverev ,2 ,0 ,7 ,6 , , , ,5 ,3 , , ,
Sydney International - Sydney ,2018-01-09 ,Benoit Paire ,Aljaz Bedene ,2 ,1 ,1 ,7 ,6 , , ,6 ,6 ,3 , ,
Sydney International - Sydney ,2018-01-09 ,Jared Donaldson ,Gilles Simon ,2 ,0 ,6 ,6 , , , ,1 ,4 , , ,
Sydney International - Sydney ,2018-01-09 ,Alex De Minaur ,Fernando Verdasco ,2 ,0 ,6 ,6 , , , ,4 ,2 , , ,
Tunisia F1 (Hammamet) ,2018-01-09 ,Sergio Gutierrez-Ferrol ,Mario Mansilla Diez ,2 ,1 ,4 ,6 ,6 , , ,6 ,0 ,2 , ,
Tunisia F1 (Hammamet) ,2018-01-09 ,Tomislav Jotovski ,Aziz Ouakaa ,2 ,0 ,6 ,6 , , , ,4 ,4 , , ,
Tunisia F1 (Hammamet) ,2018-01-09 ,Jordi Samper-Montana ,Amine Ahouda ,2 ,0 ,6 ,6 , , , ,0 ,4 , , ,
Tunisia F1 (Hammamet) ,2018-01-09 ,Peter Nagy ,Luca Gelhardt ,2 ,0 ,6 ,6 , , , ,4 ,0 , , ,
Tunisia F1 (Hammamet) ,2018-01-09 ,Pablo Irigaray Guarne ,Nino Portales ,2 ,1 ,1 ,6 ,6 , , ,6 ,4 ,2 , ,
Tunisia F1 (Hammamet) ,2018-01-09 ,Alexander Weis ,Andrea Grazioso ,2 ,0 ,6 ,6 , , , ,4 ,4 , , ,
Tunisia F1 (Hammamet) ,2018-01-09 ,Mohamed Ali Bellalouna ,Milos Nikolic ,2 ,1 ,3 ,6 ,6 , , ,6 ,4 ,1 , ,
Tunisia F1 (Hammamet) ,2018-01-09 ,Nicolas Alvarez Varona ,Julian Ocleppo ,2 ,0 ,7 ,7 , , , ,5 ,6 , , ,
Turkey F1 (Antalya) ,2018-01-09 ,Marc Sieber ,Vadim Alekseenko ,2 ,0 ,6 ,6 , , , ,2 ,0 , , ,
Turkey F1 (Antalya) ,2018-01-09 ,Mate Delic ,Denys Klok ,2 ,0 ,7 ,6 , , , ,6 ,3 , , ,
Turkey F1 (Antalya) ,2018-01-09 ,Julien Eon ,Shalva Dzhanashia ,2 ,0 ,6 ,7 , , , ,3 ,5 , , ,
Turkey F1 (Antalya) ,2018-01-09 ,Altug Celikbilek ,Patrick Grigoriu ,2 ,0 ,6 ,6 , , , ,1 ,3 , , ,
Turkey F1 (Antalya) ,2018-01-09 ,Manuel Guinard ,Patrik Rikl ,2 ,1 ,3 ,7 ,6 , , ,6 ,6 ,3 , ,
Turkey F1 (Antalya) ,2018-01-09 ,Ryan James Storrie ,Kaya Gore ,2 ,0 ,6 ,7 , , , ,1 ,5 , , ,
Turkey F1 (Antalya) ,2018-01-09 ,Jonathan Gray ,Muhammet Haylaz ,2 ,0 ,6 ,6 , , , ,4 ,1 , , ,
USA F2 (Long Beach) ,2018-01-09 ,Filip Bergevi ,Gianni Ross ,2 ,1 ,4 ,6 ,7 , , ,6 ,2 ,5 , ,
USA F2 (Long Beach) ,2018-01-09 ,Ronnie Schneider ,Mateusz Smolicki ,2 ,0 ,6 ,6 , , , ,1 ,1 , , ,
USA F2 (Long Beach) ,2018-01-09 ,Deiton Baughman ,Alastair Gray ,2 ,0 ,6 ,6 , , , ,1 ,2 , , ,
USA F2 (Long Beach) ,2018-01-09 ,Daniel Cukierman ,Alexander Lebedev ,2 ,0 ,6 ,6 , , , ,4 ,4 , , ,
USA F2 (Long Beach) ,2018-01-09 ,Logan Smith ,Matthew Tsolakyan ,2 ,0 ,7 ,6 , , , ,6 ,3 , , ,
USA F2 (Long Beach) ,2018-01-09 ,Josh Hagar ,Patrick Kypson ,2 ,0 ,6 ,6 , , , ,3 ,2 , , ,
USA F2 (Long Beach) ,2018-01-09 ,Jenson Brooksby ,Isaiah Strode ,2 ,0 ,6 ,6 , , , ,3 ,2 , , ,
USA F3 (Naples) ,2018-01-09 ,Frederico Gil ,Bar Tzuf Botzer ,2 ,0 ,6 ,6 , , , ,0 ,3 , , ,
USA F3 (Naples) ,2018-01-09 ,Raleigh Smith ,Ryan Shane ,2 ,1 ,5 ,6 ,7 , , ,7 ,3 ,6 , ,
USA F3 (Naples) ,2018-01-09 ,Skander Mansouri ,Rowland Phillips ,2 ,0 ,7 ,6 , , , ,6 ,2 , , ,
USA F3 (Naples) ,2018-01-09 ,Petros Chrysochos ,Strong Kirchheimer ,2 ,0 ,6 ,6 , , , ,4 ,3 , , ,
USA F3 (Naples) ,2018-01-09 ,Juan Rocha ,Alexander Brown ,2 ,0 ,6 ,6 , , , ,4 ,4 , , ,
USA F3 (Naples) ,2018-01-09 ,Jaume Pla Malfeito ,Rrezart Cungu ,2 ,0 ,6 ,6 , , , ,3 ,3 , , ,
USA F3 (Naples) ,2018-01-09 ,Samuel Shropshire ,Juan Hernandez Serrano ,2 ,0 ,6 ,6 , , , ,4 ,4 , , ,
USA F3 (Naples) ,2018-01-09 ,Collin Johns ,Aron Hiltzik ,2 ,1 ,6 ,3 ,6 , , ,1 ,6 ,1 , ,
USA F3 (Naples) ,2018-01-09 ,Julian Bradley ,Nicolas Uryson ,2 ,0 ,6 ,6 , , , ,2 ,4 , , ,
USA F3 (Naples) ,2018-01-09 ,Trent Bryde ,Evan Bynoe ,2 ,0 ,6 ,6 , , , ,2 ,3 , , ,
USA F3 (Naples) ,2018-01-09 ,Elliott Orkin ,Mark Oljaca ,2 ,1 ,7 ,4 ,7 , , ,6 ,6 ,5 , ,
USA F3 (Naples) ,2018-01-09 ,Alexander Knight ,Justin Butsch ,2 ,0 ,7 ,6 , , , ,5 ,2 , , ,
ASB Classic - Auckland ,2018-01-09 ,Pablo Cuevas/Horacio Zeballos ,Jack Sock/Jack Withrow ,2 ,1 ,6 ,7 ,1 , , ,7 ,6 ,8 , ,
ASB Classic - Auckland ,2018-01-09 ,Marcin Matkowski/Aisam Qureshi ,Leander Paes/Purav Raja ,2 ,1 ,6 ,7 ,1 , , ,7 ,6 ,7 , ,
ASB Classic - Auckland ,2018-01-09 ,Robert Lindstedt/Franko Skugor ,Radu Albot/Tennys Sandgren ,2 ,0 ,6 ,6 , , , ,4 ,1 , , ,
ASB Classic - Auckland ,2018-01-09 ,Raven Klaasen/Michael Venus ,Wesley Koolhof/Artem Sitak ,2 ,1 ,6 ,6 ,1 , , ,1 ,7 ,7 , ,
Bangkok Challenger ,2018-01-09 ,Mao-Xin Gong/Hsien-Yin Peng ,Toshihide Matsui/Chu-Huan Yi ,2 ,0 ,7 ,6 , , , ,6 ,2 , , ,
Bangkok Challenger ,2018-01-09 ,Pruchya Isarow/Wishaya Trongcharoenchaikul ,Congsup Congcar/Kittiphong Wachiramanowong ,2 ,1 ,6 ,3 ,1 , , ,1 ,6 ,9 , ,
Canberra Challenger ,2018-01-09 ,Steven De Waard/Ben Mclachlan ,Dane Propoggia/Scott Puodziunas ,2 ,0 ,6 ,6 , , , ,4 ,2 , , ,
Canberra Challenger ,2018-01-09 ,Jarryd Chaplin/Luke Saville ,Alexander Crnokrak/Matthew Christopher Romios ,2 ,0 ,7 ,6 , , , ,5 ,0 , , ,
Sydney International - Sydney ,2018-01-09 ,Juan-Sebastian Cabal/Robert Farah ,Leonardo Mayer/Diego Sebastian Schwartzman ,2 ,0 ,6 ,7 , , , ,3 ,6 , , ,
Sydney International - Sydney ,2018-01-09 ,Damir Dzumhur/Roman Jebavy ,Nikola Mektic/Alexander Peya ,2 ,1 ,4 ,7 ,1 , , ,6 ,6 ,7 , ,
Sydney International - Sydney ,2018-01-09 ,Fabrice Martin/Nicholas Monroe ,Christopher O'Connell/Matt Reid ,2 ,0 ,7 ,7 , , , ,6 ,6 , , ,
